date,dew_avg,dew_max,dew_min,events,hum_avg,hum_max,hum_min,prec,sea_avg,sea_max,sea_min,temp_avg,temp_max,temp_min,vis_avg,vis_max,vis_min,wind_avg,wind_max,wind_unk
2017-01-01,47,50,41,"Fog,Rain",99,100,93,0.39,30.10,30.15,30.02,46,51,41,2,6,0,10,22,26
2017-01-02,54,57,50,"Fog,Rain,Thunderstorm",99,100,96,1.57,30.09,30.19,29.82,52,57,48,1,9,0,7,24,36
2017-01-03,56,59,54,Fog,89,100,70,0.00,29.86,29.90,29.82,60,64,55,8,10,0,9,15,21
2017-01-04,41,53,24,None,74,97,44,0.00,29.90,30.01,29.81,46,53,39,10,10,10,12,22,28
2017-01-05,30,36,25,None,57,82,32,0.00,29.93,29.99,29.86,44,57,32,10,10,10,5,13,0
2017-01-06,29,31,24,Rain,79,96,43,0.35,30.02,30.10,29.92,34,37,30,8,10,4,11,16,0
2017-01-07,20,28,11,"Rain,Snow",79,96,50,0.00,30.27,30.58,30.03,26,30,21,8,10,2,18,28,36
2017-01-08,10,12,7,None,53,77,25,0.00,30.66,30.75,30.58,25,35,15,10,10,10,10,15,16
2017-01-09,11,15,6,None,39,58,14,0.00,30.64,30.72,30.55,36,45,27,10,10,10,6,13,17
2017-01-10,29,43,11,None,51,64,38,0.00,30.41,30.52,30.30,44,58,30,10,10,10,9,21,27
2017-01-11,47,50,44,None,61,72,49,0.00,30.28,30.35,30.23,61,69,53,10,10,10,9,18,23
2017-01-12,51,54,47,None,71,89,53,0.00,30.33,30.39,30.25,61,72,49,10,10,10,6,16,21
2017-01-13,56,60,53,None,79,100,57,0.00,30.45,30.51,30.37,65,75,54,10,10,10,4,12,16
2017-01-14,54,59,51,None,73,100,46,0.00,30.41,30.48,30.35,65,77,52,10,10,9,2,10,13
2017-01-15,49,54,45,None,64,93,35,0.00,30.28,30.34,30.23,62,73,51,10,10,10,3,10,15
2017-01-16,52,57,48,None,69,89,49,0.00,30.25,30.32,30.21,61,71,51,10,10,8,5,13,15
2017-01-17,55,57,54,None,77,100,53,0.00,30.18,30.23,30.11,64,75,53,8,10,1,8,22,28
2017-01-18,57,61,51,None,73,93,53,0.00,30.10,30.18,30.07,64,71,57,10,10,7,9,17,23
2017-01-19,54,59,49,Rain,72,93,50,0.27,29.97,30.08,29.86,65,75,54,10,10,2,5,16,25
2017-01-20,59,63,54,Rain,75,100,49,0.07,29.83,29.89,29.78,67,74,60,10,10,4,9,20,27
2017-01-21,59,63,55,"Fog,Rain,Thunderstorm",89,100,78,3.12,29.74,29.88,29.60,60,64,56,4,10,0,6,30,38
2017-01-22,56,61,46,"Rain,Thunderstorm",92,100,83,0.65,29.44,29.67,29.15,57,63,50,6,10,0,11,33,45
2017-01-23,47,52,43,Rain,83,100,66,0.30,29.37,29.72,29.16,52,56,48,8,10,2,16,28,35
2017-01-24,39,43,32,None,59,83,35,0.00,29.83,29.91,29.72,54,62,45,10,10,10,12,25,31
2017-01-25,40,54,19,None,49,82,16,0.00,29.86,29.94,29.77,57,72,42,10,10,10,7,20,25
2017-01-26,42,60,25,Rain,65,100,30,0.19,29.88,30.06,29.72,53,64,42,9,10,4,13,24,30
2017-01-27,26,29,22,None,62,82,41,0.00,30.06,30.11,30.02,40,47,33,10,10,10,12,23,29
2017-01-28,21,24,14,None,47,72,22,0.00,30.04,30.12,29.97,43,53,32,10,10,10,11,22,27
2017-01-29,26,29,22,None,52,69,35,0.00,29.96,30.02,29.89,43,52,33,10,10,10,12,23,30
2017-01-30,27,31,25,None,53,75,30,0.00,30.09,30.16,30.01,45,57,33,10,10,10,10,23,28
2017-01-31,34,40,25,None,47,76,17,0.00,30.06,30.10,30.00,57,73,41,10,10,10,9,20,27
2017-02-01,45,51,36,None,62,86,37,0.00,30.10,30.15,30.06,61,71,50,10,10,10,9,17,24
2017-02-02,48,58,40,Rain,68,83,53,0.03,30.16,30.21,30.12,60,71,48,10,10,2,8,15,22
2017-02-03,33,43,7,Rain,56,89,23,0.01,30.21,30.36,30.15,46,57,35,10,10,10,12,22,28
2017-02-04,10,15,5,None,31,43,18,0.00,30.36,30.45,30.29,41,50,31,10,10,10,9,18,23
2017-02-05,38,47,15,Rain,67,100,33,0.08,30.22,30.28,30.15,44,52,35,8,10,3,6,14,19
2017-02-06,50,56,44,None,81,100,61,T,30.16,30.22,30.07,58,71,44,10,10,9,5,10,14
2017-02-07,56,61,49,"Rain,Thunderstorm",84,100,67,0.63,29.91,30.05,29.77,62,67,56,9,10,2,8,20,27
2017-02-08,58,61,55,"Fog,Rain,Thunderstorm",89,100,78,0.06,29.78,29.86,29.67,61,67,55,7,10,0,7,22,27
2017-02-09,34,62,19,"Rain,Thunderstorm",66,93,39,0.07,30.09,30.37,29.70,50,64,36,10,10,6,18,33,44
2017-02-10,18,28,6,None,36,59,13,0.00,30.35,30.45,30.24,48,64,31,10,10,10,7,14,18
2017-02-11,49,58,28,None,63,83,42,T,30.19,30.25,30.09,58,69,47,10,10,10,9,16,21
2017-02-12,61,64,44,"Rain,Thunderstorm",79,93,64,0.01,30.08,30.12,30.03,65,72,58,9,10,6,12,25,33
2017-02-13,27,40,19,None,41,62,20,0.00,30.13,30.21,30.06,55,67,43,10,10,10,10,21,26
2017-02-14,24,32,18,None,35,54,15,0.00,29.93,30.04,29.76,56,72,39,10,10,10,3,14,23
2017-02-15,42,58,27,"Rain,Thunderstorm",65,93,37,0.42,29.69,29.92,29.55,53,62,43,8,10,2,13,31,38
2017-02-16,21,26,17,None,42,64,19,0.00,30.00,30.06,29.92,48,60,35,10,10,10,11,20,25
2017-02-17,27,30,22,None,36,53,19,0.00,30.02,30.08,29.98,56,70,41,10,10,10,8,16,24
2017-02-18,44,52,32,Rain,64,93,35,0.06,29.97,29.99,29.92,56,62,49,10,10,5,3,16,22
2017-02-19,51,54,46,None,74,100,48,0.00,30.06,30.14,29.98,60,68,52,9,10,6,8,20,23
2017-02-20,45,48,43,None,58,83,33,0.00,30.15,30.21,30.11,62,74,49,10,10,10,6,10,13
2017-02-21,54,61,45,Rain,80,100,60,0.22,30.04,30.13,29.92,63,70,55,8,10,3,8,15,21
2017-02-22,59,61,57,Rain,83,100,66,0.22,29.88,29.91,29.81,64,71,57,8,10,2,11,17,26
2017-02-23,54,58,51,None,72,100,43,0.00,29.86,29.92,29.80,66,76,55,9,10,6,7,13,16
2017-02-24,54,58,52,None,66,93,39,0.00,29.84,29.91,29.76,67,78,56,10,10,9,6,17,23
2017-02-25,38,59,11,Rain,53,90,15,T,29.85,30.06,29.73,56,67,45,10,10,10,15,29,37
2017-02-26,19,24,14,None,36,56,16,0.00,30.18,30.24,30.07,50,63,36,10,10,10,6,16,23
2017-02-27,36,49,24,Rain,63,93,33,0.06,30.27,30.35,30.20,52,57,47,10,10,6,8,23,29
2017-02-28,54,60,46,None,80,93,66,0.00,30.23,30.30,30.12,60,70,50,10,10,9,7,15,21
2017-03-01,60,62,52,"Fog,Rain,Thunderstorm",75,100,50,0.16,29.99,30.10,29.86,70,80,60,9,10,2,13,28,35
2017-03-02,26,43,19,None,48,72,23,0.00,30.21,30.39,29.99,51,60,42,10,10,10,15,29,37
2017-03-03,21,26,15,None,42,64,19,0.00,30.47,30.54,30.39,48,58,37,10,10,10,11,26,34
2017-03-04,19,27,16,None,33,48,17,0.00,30.55,30.64,30.48,50,64,36,10,10,10,4,10,14
2017-03-05,31,40,26,None,44,62,26,0.00,30.45,30.51,30.38,56,68,43,10,10,10,6,14,18
2017-03-06,45,48,42,Rain,57,77,37,T,30.36,30.43,30.29,63,71,55,10,10,10,11,20,25
2017-03-07,53,59,47,"Rain,Thunderstorm",77,100,53,0.52,30.25,30.31,30.17,63,70,55,8,10,2,11,29,35
2017-03-08,39,58,17,Rain,54,93,15,0.02,30.27,30.35,30.20,59,69,49,10,10,2,11,24,30
2017-03-09,32,41,25,None,42,67,16,0.00,30.21,30.30,30.06,60,76,43,10,10,10,6,15,20
2017-03-10,46,56,29,"Rain,Thunderstorm",66,100,32,0.37,30.08,30.21,29.94,60,71,48,9,10,2,14,32,42
2017-03-11,27,38,16,Rain,56,92,20,0.19,30.23,30.30,30.18,49,59,39,10,10,4,8,16,18
2017-03-12,37,40,35,Rain,85,100,70,0.19,30.26,30.31,30.20,41,45,37,7,10,1,9,18,22
2017-03-13,36,39,31,Rain,88,97,68,0.16,30.11,30.26,29.93,39,42,36,8,10,2,11,16,0
2017-03-14,35,39,21,Rain,80,100,59,0.03,29.97,30.17,29.86,38,45,31,9,10,6,15,28,35
2017-03-15,15,21,9,Snow,47,69,24,T,30.27,30.35,30.17,36,43,28,10,10,10,14,22,29
2017-03-16,12,18,7,None,38,60,16,0.00,30.36,30.43,30.30,40,55,25,10,10,10,8,16,21
2017-03-17,30,42,20,None,44,59,28,0.00,30.34,30.42,30.25,53,68,37,10,10,9,6,15,23
2017-03-18,49,57,32,Rain,60,84,36,0.20,30.17,30.24,30.07,63,72,54,10,10,4,13,25,32
2017-03-19,30,33,26,None,46,67,25,0.00,30.22,30.29,30.14,53,63,42,10,10,10,12,21,27
2017-03-20,36,48,30,None,44,65,23,0.00,30.17,30.25,30.07,61,78,44,10,10,10,6,14,20
2017-03-21,55,59,48,"Rain,Thunderstorm",62,84,39,T,30.00,30.08,29.89,73,86,59,10,10,8,11,45,56
2017-03-22,46,57,26,None,62,93,30,T,30.11,30.27,29.99,61,68,53,10,10,7,12,21,25
2017-03-23,35,40,26,None,45,54,35,0.00,30.37,30.44,30.28,58,66,50,10,10,6,13,21,27
2017-03-24,46,50,39,None,58,72,44,0.00,30.37,30.44,30.27,65,74,55,10,10,10,9,18,24
2017-03-25,51,55,48,None,64,86,41,0.07,30.19,30.28,30.07,66,76,56,10,10,10,10,20,24
2017-03-26,57,60,52,Rain,71,100,42,0.34,30.08,30.14,30.02,69,79,58,9,10,2,8,18,26
2017-03-27,58,63,54,Rain,70,93,46,0.03,30.04,30.13,29.91,69,78,59,8,10,1,8,22,31
2017-03-28,60,64,57,Rain,69,93,45,0.05,29.96,30.01,29.92,72,81,62,10,10,9,8,18,24
2017-03-29,56,60,53,None,61,84,37,0.00,29.99,30.05,29.94,73,85,60,10,10,10,4,14,20
2017-03-30,56,61,47,"Rain,Thunderstorm",57,84,30,0.17,29.88,30.00,29.75,72,82,62,9,10,2,9,24,36
2017-03-31,51,60,45,Rain,68,100,35,0.15,29.80,29.92,29.72,66,73,58,10,10,3,12,23,29
2017-04-01,47,48,45,None,58,83,33,0.00,30.02,30.08,29.94,64,77,51,10,10,10,10,17,25
2017-04-02,47,50,44,None,50,72,28,0.00,30.04,30.14,29.95,68,82,54,10,10,10,8,14,19
2017-04-03,60,66,53,"Rain,Thunderstorm",75,93,57,0.53,29.84,29.96,29.68,64,69,59,9,10,1,12,30,39
2017-04-04,55,61,47,None,65,100,30,0.00,29.83,29.88,29.78,71,82,60,9,10,0,9,18,23
2017-04-05,61,65,52,"Rain,Thunderstorm",76,93,58,4.27,29.80,29.87,29.63,64,67,60,6,10,0,10,28,34
2017-04-06,38,54,34,None,61,78,43,0.00,29.85,29.99,29.72,55,61,48,10,10,10,18,36,45
2017-04-07,32,36,28,None,49,70,27,0.00,30.03,30.07,29.99,54,64,43,10,10,10,14,26,39
2017-04-08,27,33,21,None,41,65,17,0.00,30.09,30.17,30.04,56,71,40,10,10,10,6,13,17
2017-04-09,33,42,28,None,42,66,18,0.00,30.14,30.20,30.07,61,77,45,10,10,10,4,14,18
2017-04-10,45,49,37,None,53,77,28,0.00,30.23,30.29,30.18,66,79,53,10,10,10,6,14,21
2017-04-11,51,57,48,None,58,80,35,0.00,30.23,30.30,30.17,69,80,57,10,10,10,5,10,15
2017-04-12,53,57,47,None,58,78,38,0.00,30.22,30.26,30.17,70,80,59,10,10,9,4,14,17
2017-04-13,53,56,49,None,56,78,33,0.00,30.22,30.27,30.16,71,82,60,10,10,10,4,12,22
2017-04-14,54,56,52,None,57,78,36,0.00,30.24,30.33,30.20,72,82,61,10,10,4,5,12,16
2017-04-15,54,59,49,None,62,90,33,0.00,30.27,30.35,30.21,71,81,61,10,10,10,8,22,27
2017-04-16,54,59,51,None,60,84,36,0.00,30.20,30.28,30.13,71,81,61,10,10,10,8,16,24
2017-04-17,59,63,54,"Rain,Thunderstorm",65,84,45,T,30.10,30.15,30.03,71,80,61,10,10,5,5,17,23
2017-04-18,61,63,58,Thunderstorm,71,93,48,0.02,30.15,30.25,30.07,73,81,64,10,10,10,9,22,26
2017-04-19,62,65,60,None,74,93,54,0.00,30.23,30.29,30.18,71,79,63,9,10,7,9,16,19
2017-04-20,62,65,58,Rain,68,93,43,T,30.15,30.23,30.05,74,84,63,9,10,7,6,17,22
2017-04-21,59,63,56,None,65,87,42,0.00,29.98,30.06,29.88,75,85,64,10,10,10,7,17,22
2017-04-22,55,59,48,None,59,84,33,0.00,29.88,29.95,29.81,72,82,62,10,10,10,9,21,26
2017-04-23,60,66,53,"Rain,Thunderstorm",83,100,66,0.84,29.80,29.87,29.73,61,68,54,7,10,1,10,23,33
2017-04-24,54,59,50,Rain,89,100,78,0.08,29.75,29.79,29.72,59,65,52,6,10,2,9,17,20
2017-04-25,57,58,55,Rain,72,93,50,T,29.75,29.80,29.71,67,77,56,10,10,10,9,17,22
2017-04-26,57,58,55,None,68,90,45,0.00,29.78,29.85,29.74,70,80,59,10,10,10,8,17,21
2017-04-27,65,70,56,"Rain,Thunderstorm",82,97,67,0.01,29.80,29.88,29.70,72,80,64,10,10,7,10,21,28
2017-04-28,67,69,65,None,76,100,51,T,29.99,30.07,29.89,76,84,67,7,10,1,8,17,22
2017-04-29,66,68,64,None,69,90,48,0.00,30.08,30.14,30.03,78,87,69,10,10,7,9,20,25
2017-04-30,66,68,62,None,71,90,51,T,30.05,30.14,29.97,76,83,69,9,10,4,10,20,25
2017-05-01,56,68,38,"Rain,Thunderstorm",63,90,35,0.23,29.90,29.98,29.84,67,75,59,9,10,2,12,25,32
2017-05-02,41,47,34,None,47,74,20,0.00,30.00,30.05,29.92,65,80,50,10,10,10,7,20,24
2017-05-03,45,50,41,None,45,67,23,0.00,30.01,30.07,29.94,70,83,57,10,10,10,6,17,23
2017-05-04,59,65,48,Rain,72,100,44,0.72,29.74,29.94,29.57,64,73,55,7,10,2,10,30,44
2017-05-05,48,53,43,Rain,89,100,77,0.04,29.60,29.71,29.56,53,56,49,9,10,2,12,22,27
2017-05-06,44,53,39,None,63,93,33,0.00,29.77,29.88,29.71,59,73,45,10,10,10,14,25,35
2017-05-07,41,50,30,None,58,93,23,0.00,29.98,30.04,29.89,60,70,50,10,10,10,10,21,28
2017-05-08,45,49,42,None,51,71,30,0.00,30.06,30.12,30.01,65,79,50,10,10,10,8,22,27
2017-05-09,52,57,49,None,52,72,31,0.00,30.03,30.08,29.98,72,85,58,10,10,10,8,20,26
2017-05-10,58,61,55,None,58,78,37,0.00,30.03,30.08,29.98,74,86,62,10,10,10,8,15,19
2017-05-11,60,64,57,None,59,81,37,0.00,29.94,30.02,29.86,76,86,65,10,10,10,10,18,24
2017-05-12,62,64,58,Rain,68,93,43,0.16,29.81,29.89,29.75,73,82,64,10,10,2,8,17,21
2017-05-13,60,65,53,"Rain,Thunderstorm",74,93,54,0.02,29.77,29.85,29.74,71,79,63,10,10,10,7,20,25
2017-05-14,54,61,49,None,62,93,31,0.00,29.94,30.01,29.86,72,83,60,10,10,10,5,14,19
2017-05-15,57,60,55,None,56,78,34,0.00,29.98,30.04,29.94,76,88,63,10,10,10,5,13,15
2017-05-16,59,62,54,None,55,81,29,0.00,30.03,30.07,29.98,78,90,66,10,10,10,5,15,21
2017-05-17,58,65,52,None,54,76,31,0.00,30.04,30.10,30.00,78,89,67,10,10,10,9,17,24
2017-05-18,64,68,60,None,61,79,42,T,30.06,30.12,30.02,81,89,73,10,10,10,7,15,19
2017-05-19,63,65,61,None,57,73,40,0.00,30.06,30.13,30.00,80,90,70,10,10,10,7,16,21
2017-05-20,66,71,61,"Rain,Thunderstorm",72,84,59,0.10,30.07,30.12,30.02,78,87,69,10,10,2,9,32,45
2017-05-21,68,72,65,"Rain,Thunderstorm",79,100,58,0.57,30.09,30.13,30.01,76,83,68,8,10,1,7,18,23
2017-05-22,68,71,64,"Rain,Thunderstorm",84,97,71,0.34,30.01,30.08,29.93,74,79,68,9,10,3,3,12,15
2017-05-23,66,68,60,Rain,87,100,73,1.53,29.81,29.94,29.66,70,74,65,6,10,1,6,17,21
2017-05-24,61,66,50,Rain,70,93,46,T,29.57,29.69,29.47,69,79,59,9,10,0,12,22,30
2017-05-25,53,55,49,Rain,69,93,44,0.02,29.73,29.92,29.59,65,73,56,10,10,6,11,22,28
2017-05-26,56,61,51,None,62,80,43,0.00,29.99,30.05,29.94,70,83,56,10,10,10,8,15,19
2017-05-27,65,70,60,None,73,87,58,0.00,30.00,30.05,29.94,75,84,65,10,10,10,8,20,25
2017-05-28,66,70,62,"Rain,Thunderstorm",69,87,51,0.51,29.94,30.02,29.86,75,85,65,9,10,1,8,32,41
2017-05-29,67,70,64,"Rain,Thunderstorm",78,93,62,0.11,30.01,30.09,29.92,76,84,68,9,10,2,6,26,36
2017-05-30,67,69,65,"Rain,Thunderstorm",85,97,73,0.25,30.11,30.16,30.06,72,77,66,9,10,2,6,18,22
2017-05-31,65,67,62,"Rain,Thunderstorm",72,93,51,T,30.10,30.13,30.04,76,85,67,10,10,10,6,12,15
2017-06-01,65,68,58,"Rain,Thunderstorm",68,93,43,T,30.08,30.12,30.04,77,85,68,10,10,10,5,13,16
2017-06-02,63,66,55,None,64,93,35,0.00,30.04,30.10,29.99,78,87,68,10,10,10,5,13,19
2017-06-03,65,69,63,"Rain,Thunderstorm",64,84,43,0.00,30.01,30.07,29.96,78,88,68,10,10,10,4,13,15
2017-06-04,69,72,67,"Rain,Thunderstorm",81,93,69,0.82,29.97,30.05,29.89,76,81,71,9,10,1,6,15,18
2017-06-05,70,71,68,Rain,79,93,65,0.34,29.85,29.94,29.78,77,83,70,8,10,2,7,26,31
2017-06-06,69,72,67,Rain,87,100,74,0.07,29.78,29.82,29.72,75,79,70,10,10,7,4,14,16
2017-06-07,62,68,56,Rain,70,90,49,1.05,29.80,29.86,29.74,73,80,66,9,10,2,10,23,27
2017-06-08,61,66,56,Rain,69,93,45,0.02,29.88,29.94,29.83,73,80,65,10,10,5,6,13,18
2017-06-09,60,64,55,None,67,93,40,0.00,29.94,30.00,29.87,74,83,65,10,10,9,5,13,26
2017-06-10,60,62,56,None,64,87,40,0.00,30.06,30.13,29.99,76,86,66,10,10,10,5,13,15
2017-06-11,67,70,61,None,70,90,50,0.00,30.15,30.23,30.11,78,87,69,10,10,10,8,16,20
2017-06-12,70,73,67,"Rain,Thunderstorm",78,93,63,0.11,30.15,30.21,30.08,79,85,72,9,10,4,5,16,21
2017-06-13,67,70,64,None,71,93,48,0.00,30.08,30.14,30.00,80,88,71,10,10,10,4,10,14
2017-06-14,68,71,65,"Rain,Thunderstorm",72,93,50,T,30.03,30.09,29.97,80,89,70,10,10,8,5,15,17
2017-06-15,68,72,64,"Rain,Thunderstorm",70,90,50,0.10,29.95,30.05,29.87,79,90,68,10,10,9,7,38,49
2017-06-16,66,70,65,"Rain,Thunderstorm",74,93,55,0.34,29.89,29.94,29.82,77,86,67,10,10,7,7,20,23
2017-06-17,69,71,67,"Rain,Thunderstorm",74,100,47,0.33,29.86,29.89,29.82,79,89,69,9,10,3,5,21,29
2017-06-18,70,72,68,"Rain,Thunderstorm",81,93,69,0.15,29.93,30.00,29.85,77,83,71,9,10,2,6,15,22
2017-06-19,70,72,68,None,74,93,55,0.00,29.97,30.04,29.92,80,88,72,10,10,10,7,20,25
2017-06-20,71,73,70,"Rain,Thunderstorm",91,100,82,1.78,30.06,30.09,30.01,73,76,70,6,10,2,6,14,19
2017-06-21,70,73,69,Rain,90,100,79,0.04,30.08,30.13,30.04,75,79,70,7,10,2,5,12,18
2017-06-22,73,76,70,"Rain,Thunderstorm",87,100,74,0.16,30.06,30.12,29.99,78,84,72,7,10,1,7,25,34
2017-06-23,71,73,69,"Rain,Thunderstorm",78,100,55,0.32,29.97,30.02,29.87,80,88,72,9,10,1,11,29,41
2017-06-24,73,75,71,"Rain,Thunderstorm",87,100,74,0.51,30.01,30.09,29.94,78,84,72,8,10,2,6,16,20
2017-06-25,64,71,59,None,75,100,49,0.00,30.11,30.15,30.05,74,81,67,10,10,10,10,16,21
2017-06-26,56,62,49,None,61,93,29,0.00,30.11,30.17,30.03,75,86,63,10,10,10,8,16,22
2017-06-27,56,61,52,None,58,81,34,0.00,30.05,30.08,30.01,75,84,66,10,10,10,9,17,23
2017-06-28,60,66,54,None,57,74,40,0.00,30.10,30.15,30.07,77,87,66,10,10,10,7,15,23
2017-06-29,69,72,64,"Fog,Rain,Thunderstorm",79,93,65,0.94,30.12,30.18,30.07,78,84,71,9,10,0,8,31,39
2017-06-30,71,74,68,Rain,85,100,69,0.63,30.07,30.12,30.01,77,83,70,9,10,2,8,20,25
2017-07-01,71,74,69,"Rain,Thunderstorm",83,100,65,0.01,30.10,30.14,30.05,79,86,71,9,10,2,8,20,23
2017-07-02,71,73,69,"Rain,Thunderstorm",78,100,55,0.55,30.11,30.16,30.06,80,89,70,9,10,2,6,20,21
2017-07-03,71,73,69,Rain,75,93,57,0.11,30.09,30.14,30.03,80,88,71,9,10,2,7,16,22
2017-07-04,70,74,68,"Rain,Thunderstorm",74,93,55,0.63,30.08,30.12,30.04,81,90,71,9,10,2,6,25,32
2017-07-05,70,74,66,None,73,93,52,0.00,30.11,30.15,30.09,82,92,72,9,10,4,5,25,32
2017-07-06,70,73,67,"Rain,Thunderstorm",70,87,52,0.00,30.10,30.15,30.05,82,91,73,10,10,10,6,23,28
2017-07-07,70,75,67,"Rain,Thunderstorm",74,93,55,0.14,30.03,30.08,29.96,82,91,72,10,10,7,9,22,30
2017-07-08,71,74,69,"Rain,Thunderstorm",78,100,56,0.04,30.00,30.06,29.96,81,90,71,10,10,7,7,22,26
2017-07-09,67,70,62,Thunderstorm,67,93,41,0.00,30.04,30.08,29.99,81,90,71,10,10,10,6,18,21
2017-07-10,69,71,66,"Rain,Thunderstorm",69,90,47,0.00,30.04,30.09,29.99,81,91,71,10,10,10,4,13,17
2017-07-11,71,73,68,"Rain,Thunderstorm",75,93,57,T,30.08,30.12,30.04,81,89,73,10,10,5,5,21,25
2017-07-12,70,74,68,None,72,93,50,0.00,30.14,30.21,30.09,81,90,72,10,10,9,5,12,16
2017-07-13,71,72,69,Thunderstorm,65,93,52,0.00,30.15,30.20,30.09,83,91,74,10,10,10,3,12,14
2017-07-14,71,73,67,"Rain,Thunderstorm",66,87,44,0.30,30.13,30.17,30.06,84,92,75,10,10,1,7,24,32
2017-07-15,70,73,68,None,73,94,52,0.00,30.06,30.11,29.99,82,90,73,10,10,10,5,25,30
2017-07-16,71,72,69,"Rain,Thunderstorm",79,93,65,0.37,30.00,30.08,29.93,78,84,72,9,10,2,5,14,16
2017-07-17,69,73,65,"Rain,Thunderstorm",76,93,59,0.38,30.00,30.06,29.96,78,88,68,10,10,2,5,36,45
2017-07-18,69,73,66,None,74,97,50,0.03,30.07,30.12,30.03,81,91,70,10,10,10,4,16,18
2017-07-19,70,73,65,None,69,93,44,0.00,30.09,30.14,30.04,84,93,74,10,10,10,6,14,19
2017-07-20,70,74,68,None,66,87,44,0.00,30.06,30.10,29.99,83,93,73,10,10,10,8,18,24
2017-07-21,72,74,70,None,69,88,49,0.00,30.00,30.05,29.95,85,94,76,10,10,9,6,18,24
2017-07-22,72,75,69,"Rain,Thunderstorm",76,93,59,T,29.98,30.03,29.95,84,93,74,10,10,8,6,24,29
2017-07-23,73,75,70,Thunderstorm,76,100,52,T,29.92,29.97,29.86,84,92,75,10,10,10,7,15,20
2017-07-24,72,74,70,"Rain,Thunderstorm",72,94,49,T,29.96,30.02,29.90,83,91,74,10,10,8,7,24,30
2017-07-25,72,76,65,"Rain,Thunderstorm",78,93,63,T,30.06,30.10,30.01,81,89,73,10,10,10,4,25,36
2017-07-26,69,74,64,Thunderstorm,67,94,39,0.00,30.08,30.12,30.02,84,94,74,10,10,10,5,22,34
2017-07-27,70,73,66,"Rain,Thunderstorm",73,94,52,0.10,30.02,30.09,29.94,82,92,72,10,10,2,4,23,28
2017-07-28,73,75,70,None,85,100,69,0.02,29.88,29.94,29.80,79,85,73,10,10,7,9,18,23
2017-07-29,68,75,51,None,62,94,29,0.00,29.79,29.86,29.75,83,90,75,10,10,10,11,23,31
2017-07-30,61,64,59,None,58,73,43,0.00,29.97,30.04,29.87,79,86,71,10,10,10,11,22,27
2017-07-31,56,62,51,None,53,73,32,0.00,30.07,30.13,30.04,77,87,67,10,10,10,8,17,24
2017-08-01,59,61,54,None,53,73,32,0.00,30.07,30.11,30.04,78,87,68,10,10,10,4,12,17
2017-08-02,61,65,57,None,57,73,40,0.00,30.08,30.13,30.04,79,86,71,10,10,10,3,9,13
2017-08-03,66,71,62,None,76,97,55,0.01,30.09,30.12,30.06,77,83,70,10,10,10,5,20,24
2017-08-04,69,73,67,None,78,100,55,0.01,30.05,30.12,29.96,78,87,69,9,10,1,6,14,23
2017-08-05,68,72,65,"Rain,Thunderstorm",75,100,50,0.03,30.03,30.08,29.98,79,88,70,10,10,10,6,16,20
2017-08-06,69,74,60,"Rain,Thunderstorm",70,87,53,0.63,30.04,30.11,30.00,80,88,72,10,10,5,5,20,25
2017-08-07,72,74,70,"Rain,Thunderstorm",81,100,61,0.33,30.02,30.07,29.96,80,86,73,9,10,1,8,28,35
2017-08-08,70,71,67,"Rain,Thunderstorm",86,93,79,1.12,30.04,30.08,29.97,73,76,70,7,10,1,4,15,17
2017-08-09,71,72,70,Rain,87,100,74,0.10,30.12,30.20,30.05,76,80,71,6,10,0,8,16,20
2017-08-10,72,75,70,"Rain,Thunderstorm",85,100,69,1.98,30.15,30.21,30.08,78,84,72,8,10,1,6,29,33
2017-08-11,72,73,70,None,80,100,59,0.00,30.05,30.12,29.97,80,88,72,10,10,8,5,12,15
2017-08-12,72,74,71,None,78,100,56,0.00,29.95,30.01,29.90,82,90,73,10,10,6,6,17,21
2017-08-13,71,73,67,None,72,94,50,0.00,29.94,29.98,29.91,82,90,73,10,10,10,5,12,14
2017-08-14,72,74,68,None,71,94,47,0.03,29.91,29.94,29.85,84,92,75,10,10,9,4,16,22
2017-08-15,73,75,72,"Rain,Thunderstorm",80,100,59,T,29.95,30.01,29.90,82,90,73,9,10,7,8,17,21
2017-08-16,72,74,71,None,73,93,52,0.00,30.03,30.08,29.98,81,91,71,10,10,10,7,13,18
2017-08-17,72,74,69,None,72,88,55,0.00,30.03,30.08,29.98,83,90,76,10,10,10,8,16,22
2017-08-18,70,73,67,None,69,87,50,0.00,29.97,30.03,29.93,83,90,75,10,10,10,9,17,23
2017-08-19,66,69,63,None,66,90,41,0.00,29.98,30.02,29.94,80,90,69,10,10,10,6,12,14
2017-08-20,67,69,65,None,63,82,44,0.00,30.06,30.11,30.00,83,92,73,10,10,10,4,9,12
2017-08-21,70,72,67,None,65,82,47,0.00,30.14,30.18,30.11,84,92,75,10,10,10,6,12,17
2017-08-22,70,73,66,None,69,93,44,0.00,30.06,30.16,29.97,84,93,74,10,10,10,5,14,18
2017-08-23,69,73,65,None,70,93,46,0.00,29.93,30.00,29.86,82,90,74,10,10,9,8,15,20
2017-08-24,61,64,56,None,60,87,32,0.00,29.91,29.94,29.87,78,89,67,10,10,10,8,14,22
2017-08-25,67,70,60,None,70,84,55,0.00,30.02,30.07,29.94,79,86,72,10,10,10,10,17,21
2017-08-26,68,70,67,None,74,93,55,0.00,30.08,30.12,30.05,79,85,72,10,10,10,9,14,18
2017-08-27,65,68,62,None,66,84,48,0.00,30.04,30.09,30.00,79,85,72,10,10,10,11,18,24
2017-08-28,57,62,55,None,59,73,45,0.00,30.00,30.04,29.96,75,80,69,10,10,10,15,25,29
2017-08-29,62,67,59,Rain,64,73,51,0.00,29.98,30.03,29.94,77,84,69,10,10,10,8,16,19
2017-08-30,67,69,65,Rain,88,97,79,0.54,30.04,30.10,29.99,72,74,69,9,10,4,7,13,17
2017-08-31,70,74,67,"Rain,Thunderstorm",79,100,58,0.69,30.02,30.08,29.92,76,83,69,6,10,0,8,15,22
2017-09-01,68,71,62,Rain,74,93,55,0.06,29.91,30.01,29.85,75,82,67,10,10,4,14,26,34
2017-09-02,60,63,58,None,67,90,43,0.00,30.04,30.09,30.00,72,82,61,10,10,10,7,16,21
2017-09-03,60,61,58,None,68,93,43,0.00,30.10,30.14,30.07,73,84,62,10,10,10,6,15,20
2017-09-04,63,67,59,None,70,90,49,0.00,30.06,30.12,29.99,75,87,63,10,10,10,4,13,19
2017-09-05,66,68,65,"Rain,Thunderstorm",76,97,55,0.16,29.94,29.99,29.87,77,86,67,9,10,5,6,20,26
2017-09-06,59,66,48,Rain,71,100,41,0.07,29.93,30.05,29.86,68,76,59,9,10,6,10,18,25
2017-09-07,48,51,44,None,63,93,33,0.00,30.09,30.14,30.05,65,77,53,10,10,10,7,13,20
2017-09-08,53,56,50,None,61,80,42,0.00,30.14,30.18,30.11,69,80,57,10,10,10,8,14,18
2017-09-09,52,55,48,None,54,72,35,0.00,30.16,30.22,30.13,71,79,62,10,10,10,15,25,35
2017-09-10,48,51,44,None,55,72,38,0.00,30.18,30.24,30.12,67,74,60,10,10,10,20,31,42
2017-09-11,57,63,48,Rain,80,100,60,3.62,29.75,30.11,29.49,61,64,57,5,10,1,25,45,64
2017-09-12,60,63,57,Rain,94,100,87,0.24,29.69,29.86,29.51,62,64,59,5,10,2,10,20,31
2017-09-13,59,61,57,None,77,100,54,T,29.90,29.94,29.84,68,76,60,7,10,1,7,21,27
2017-09-14,63,66,61,None,74,87,60,0.00,29.97,30.01,29.91,73,79,67,10,10,10,4,10,13
2017-09-15,65,67,64,None,74,93,55,0.00,30.06,30.10,30.01,74,83,65,10,10,8,2,8,11
2017-09-16,65,67,63,None,69,90,48,0.00,30.09,30.15,30.05,77,86,68,10,10,9,4,10,13
2017-09-17,65,67,62,None,68,90,45,0.00,30.07,30.13,30.02,78,88,68,10,10,10,4,10,15
2017-09-18,63,66,56,None,61,87,35,0.00,30.03,30.07,29.98,78,88,67,10,10,9,5,13,17
2017-09-19,64,68,61,None,67,93,40,0.00,29.98,30.03,29.94,78,89,66,10,10,10,4,12,14
2017-09-20,66,69,63,None,68,93,43,0.00,30.01,30.05,29.97,79,89,69,10,10,9,6,12,17
2017-09-21,66,71,64,"Rain,Thunderstorm",68,90,46,0.10,30.02,30.07,29.97,79,89,69,10,10,4,5,15,16
2017-09-22,66,69,64,None,67,90,44,0.00,30.02,30.07,29.97,79,89,69,10,10,10,5,10,14
2017-09-23,65,68,60,None,66,90,42,0.00,30.02,30.06,29.98,78,87,69,10,10,9,5,14,16
2017-09-24,64,66,61,None,66,84,47,0.00,30.02,30.08,29.98,77,84,69,10,10,10,8,16,26
2017-09-25,62,64,57,None,60,79,40,0.00,29.97,30.03,29.91,79,86,71,10,10,10,8,15,19
2017-09-26,63,66,61,None,62,81,43,0.00,29.95,30.00,29.89,78,88,68,10,10,10,7,15,19
2017-09-27,64,66,62,None,67,93,41,0.00,29.93,29.96,29.89,79,90,67,10,10,10,7,14,19
2017-09-28,65,67,58,None,60,87,32,0.00,29.92,29.97,29.89,80,91,68,10,10,10,6,13,19
2017-09-29,64,67,62,None,64,84,43,0.00,29.98,30.03,29.95,79,89,68,10,10,10,8,16,19
2017-09-30,57,65,53,None,58,73,42,0.00,30.09,30.15,30.03,74,82,65,10,10,10,13,23,29
2017-10-01,45,54,43,None,48,63,33,0.00,30.20,30.26,30.16,66,74,58,10,10,10,16,26,33
2017-10-02,53,58,47,None,61,73,49,0.00,30.28,30.34,30.23,68,77,58,10,10,10,13,21,25
2017-10-03,56,59,54,None,67,90,43,0.00,30.39,30.44,30.33,71,80,61,10,10,10,12,21,29
2017-10-04,54,57,53,None,60,78,42,0.00,30.36,30.42,30.28,71,80,61,10,10,10,10,20,25
2017-10-05,56,60,52,None,59,78,40,0.00,30.20,30.29,30.12,71,82,60,10,10,10,8,15,19
2017-10-06,61,65,57,None,67,87,46,0.00,30.09,30.17,30.01,74,84,63,10,10,6,8,15,20
2017-10-07,70,72,67,Rain,85,100,69,T,29.99,30.05,29.92,77,82,71,8,10,0,8,14,21
2017-10-08,72,74,69,Rain,91,94,87,1.48,29.82,29.94,29.70,75,76,73,6,10,0,13,25,35
2017-10-09,73,74,71,"Rain,Thunderstorm",94,100,87,0.42,29.96,30.05,29.85,75,77,73,7,10,1,6,14,19
2017-10-10,72,74,68,None,81,100,61,0.00,30.06,30.13,30.03,80,87,72,6,10,1,4,13,17
2017-10-11,70,73,66,Rain,72,93,50,T,30.05,30.10,30.02,79,88,70,10,10,10,5,15,19
2017-10-12,61,70,48,None,64,100,27,0.00,30.04,30.08,30.01,77,87,67,9,10,6,6,12,15
2017-10-13,67,70,58,None,78,100,55,0.00,30.16,30.22,30.08,76,84,67,8,10,0,9,17,20
2017-10-14,64,67,63,None,81,93,68,0.00,30.22,30.28,30.17,70,74,66,10,10,10,6,13,17
2017-10-15,67,70,64,None,82,100,63,0.00,30.12,30.21,30.02,74,83,65,9,10,5,5,13,15
2017-10-16,55,70,44,Rain,72,100,44,0.08,30.09,30.22,30.02,64,73,55,9,10,6,14,25,32
2017-10-17,41,45,39,None,53,71,35,0.00,30.27,30.34,30.22,60,69,51,10,10,10,10,23,29
2017-10-18,43,45,40,None,57,80,33,0.00,30.30,30.35,30.25,60,71,48,10,10,10,8,17,24
2017-10-19,42,46,38,None,52,77,27,0.00,30.27,30.33,30.22,64,77,50,10,10,10,5,10,16
2017-10-20,44,48,35,None,50,86,13,0.00,30.23,30.29,30.17,65,80,49,10,10,10,3,12,14
2017-10-21,52,57,47,None,61,78,43,0.00,30.25,30.30,30.21,66,77,54,10,10,10,7,14,18
2017-10-22,62,67,55,None,78,93,62,T,30.19,30.27,30.11,68,79,57,10,10,3,11,20,26
2017-10-23,63,70,52,Rain,75,100,49,1.31,29.93,30.13,29.85,63,72,54,6,10,1,12,22,30
2017-10-24,45,52,38,None,69,100,37,0.00,29.93,29.99,29.89,58,68,48,10,10,10,10,24,31
2017-10-25,37,41,33,None,63,89,36,0.00,29.96,30.01,29.88,52,62,41,10,10,10,10,21,27
2017-10-26,41,48,35,None,61,82,38,0.00,29.99,30.03,29.94,57,72,41,10,10,10,5,12,16
2017-10-27,48,53,45,None,64,86,41,0.00,30.02,30.09,29.96,61,74,48,10,10,10,7,16,23
2017-10-28,52,63,41,"Rain,Thunderstorm",78,100,56,0.58,29.83,29.94,29.76,54,65,42,7,10,1,12,21,29
2017-10-29,33,39,30,None,76,89,62,0.00,29.83,29.90,29.76,40,45,34,10,10,10,17,29,39
2017-10-30,35,43,29,None,62,89,34,0.00,30.02,30.08,29.92,49,66,32,10,10,10,7,14,19
2017-10-31,45,49,42,None,64,86,41,0.00,30.13,30.20,30.08,59,72,46,10,10,10,5,10,20
2017-11-01,50,53,47,Rain,70,93,47,T,30.13,30.19,30.11,60,71,49,10,10,10,3,14,20
2017-11-02,56,61,52,None,70,87,53,0.00,30.18,30.23,30.15,67,75,58,10,10,10,4,12,16
2017-11-03,63,68,58,None,81,100,62,T,30.16,30.21,30.11,70,80,59,10,10,7,3,15,19
2017-11-04,65,68,62,"Rain,Thunderstorm",81,100,62,0.04,30.09,30.14,30.04,71,80,61,9,10,6,3,14,16
2017-11-05,65,67,64,None,85,100,69,0.00,30.10,30.17,30.05,70,76,64,7,10,0,5,9,12
2017-11-06,65,67,62,Rain,82,100,64,T,30.07,30.10,30.02,70,78,62,10,10,7,6,15,19
2017-11-07,66,68,63,Fog,84,100,67,0.00,30.02,30.07,29.95,71,79,63,8,10,0,7,17,22
2017-11-08,59,64,51,Rain,92,100,84,0.31,30.04,30.09,29.99,59,67,51,7,10,0,8,20,24
2017-11-09,50,52,47,Rain,95,100,89,0.39,30.11,30.16,30.06,52,55,48,7,10,1,8,14,18
2017-11-10,42,47,38,None,72,100,43,0.00,30.21,30.27,30.13,53,64,42,10,10,10,8,14,19
2017-11-11,39,42,37,Rain,78,92,63,T,30.36,30.45,30.28,48,54,42,10,10,10,12,22,25
2017-11-12,42,47,36,None,79,93,65,T,30.35,30.40,30.29,47,49,44,9,10,6,8,17,21
2017-11-13,47,50,42,Fog,78,100,56,0.00,30.30,30.34,30.24,55,65,45,5,10,0,8,14,19
2017-11-14,43,45,41,None,78,100,55,0.00,30.24,30.31,30.18,51,61,41,10,10,10,7,14,16
2017-11-15,41,43,39,None,74,96,51,0.00,30.16,30.22,30.09,49,58,40,10,10,10,5,13,17
2017-11-16,45,50,38,None,64,86,42,0.00,30.11,30.14,30.07,57,67,46,10,10,10,8,16,20
2017-11-17,41,44,37,None,64,86,42,0.00,30.13,30.21,30.08,54,66,41,10,10,10,6,15,20
2017-11-18,53,63,42,Rain,87,100,73,0.30,29.89,30.05,29.67,57,69,45,8,10,1,10,33,48
2017-11-19,36,53,30,Rain,62,80,44,T,30.00,30.17,29.77,48,57,38,10,10,10,15,30,38
2017-11-20,31,37,27,None,58,85,31,0.00,30.20,30.26,30.16,46,60,32,10,10,10,6,15,18
2017-11-21,47,55,36,Rain,78,93,63,T,30.09,30.18,30.01,55,67,42,10,10,10,6,12,14
2017-11-22,43,54,32,None,71,100,42,0.00,30.05,30.09,30.00,54,63,44,10,10,10,9,16,24
2017-11-23,36,41,32,None,60,76,43,0.00,30.05,30.09,29.98,51,61,40,10,10,10,7,14,18
2017-11-24,41,44,37,None,67,86,48,0.00,30.00,30.06,29.94,52,63,40,10,10,10,3,7,10
2017-11-25,42,47,39,None,73,100,46,0.00,30.00,30.06,29.95,53,63,43,10,10,10,6,13,17
2017-11-26,31,42,25,None,53,80,25,0.00,30.13,30.20,30.06,52,63,41,10,10,10,11,21,25
2017-11-27,30,33,28,None,52,76,27,0.00,30.19,30.24,30.14,50,63,36,10,10,10,5,14,17
2017-11-28,37,43,32,None,52,70,34,0.00,30.28,30.33,30.22,53,66,39,10,10,10,7,14,20
2017-11-29,53,58,38,Fog,83,100,66,0.00,30.28,30.33,30.22,57,66,48,2,10,0,4,8,11
2017-11-30,57,62,52,"Fog,Rain",83,100,66,T,30.15,30.21,30.09,61,70,52,6,10,0,4,14,17
2017-12-01,56,60,53,Fog,87,100,73,T,30.12,30.17,30.09,60,66,54,5,9,0,5,9,12
2017-12-02,54,57,51,None,77,100,53,0.00,30.15,30.20,30.09,60,70,50,8,10,4,2,8,13
2017-12-03,49,56,42,Fog,70,100,39,0.00,30.17,30.22,30.14,60,69,50,8,10,3,4,13,16
2017-12-04,50,52,48,Fog,78,100,56,0.00,30.23,30.29,30.20,57,66,47,9,10,4,8,15,21
2017-12-05,57,61,52,Rain,87,100,73,0.38,30.14,30.21,30.03,63,70,55,7,10,2,8,25,31
2017-12-06,36,55,27,Rain,73,92,53,0.11,30.14,30.19,30.08,46,55,37,10,10,9,12,23,31
2017-12-07,31,35,28,None,63,76,49,0.00,30.15,30.20,30.09,45,48,41,10,10,10,7,14,18
2017-12-08,34,36,33,"Rain,Snow",85,100,70,0.96,30.00,30.08,29.90,39,44,33,4,10,1,10,16,21
2017-12-09,31,35,25,"Rain,Snow",80,100,59,0.22,29.96,30.17,29.88,35,39,31,5,10,1,10,17,22
2017-12-10,24,27,21,None,71,92,49,0.00,30.26,30.32,30.19,36,45,26,10,10,10,8,16,23
2017-12-11,31,36,27,None,64,92,35,0.00,30.13,30.25,29.95,46,61,30,10,10,10,7,15,21
2017-12-12,32,37,19,None,63,82,44,0.00,29.93,30.02,29.85,44,51,36,10,10,10,14,28,36
2017-12-13,14,23,10,None,37,52,21,0.00,29.99,30.10,29.87,39,50,28,10,10,10,10,22,29
2017-12-14,32,37,24,None,56,71,40,0.00,29.93,30.01,29.86,48,58,38,10,10,10,7,12,17
2017-12-15,28,37,24,None,64,79,49,0.00,30.09,30.23,29.98,38,46,29,10,10,9,10,22,26
2017-12-16,26,30,23,None,65,92,38,0.00,30.28,30.34,30.23,40,53,27,10,10,9,5,10,14
2017-12-17,38,46,29,Rain,79,100,58,0.22,30.22,30.31,30.17,43,49,36,7,10,2,4,12,13
2017-12-18,51,56,46,Fog,89,100,78,0.00,30.19,30.22,30.15,55,62,47,5,10,0,4,12,15
2017-12-19,52,62,46,"Fog,Rain",90,100,80,T,30.18,30.25,30.07,55,63,46,6,10,0,5,10,15
2017-12-20,61,65,58,"Fog,Rain",97,100,93,2.05,29.93,30.08,29.82,62,66,58,4,10,0,8,21,27
2017-12-21,54,58,52,"Fog,Rain",97,100,93,0.03,30.08,30.18,29.94,55,58,52,1,3,0,8,14,21
2017-12-22,53,56,51,"Fog,Rain",97,100,93,0.01,30.17,30.23,30.12,54,57,51,3,8,0,7,13,14
2017-12-23,59,66,46,"Rain,Thunderstorm",92,100,84,0.28,30.01,30.11,29.92,59,69,49,8,10,1,12,22,32
2017-12-24,42,45,33,None,88,100,76,0.00,30.09,30.20,30.03,46,51,41,10,10,8,11,24,32
2017-12-25,21,34,14,None,58,79,37,0.00,30.33,30.42,30.19,36,42,30,10,10,10,13,24,29
2017-12-26,20,25,15,None,47,63,31,0.00,30.40,30.47,30.34,40,50,30,10,10,10,7,14,19
2017-12-27,31,38,26,Rain,73,92,54,0.12,30.39,30.43,30.32,40,44,36,10,10,6,7,15,18
2017-12-28,26,28,22,None,62,78,45,0.00,30.40,30.47,30.37,39,45,32,10,10,10,9,16,20
2017-12-29,26,31,23,None,52,65,38,0.00,30.30,30.38,30.21,45,53,36,10,10,10,4,9,13
2017-12-30,30,33,26,None,70,92,48,0.00,30.14,30.19,30.08,42,51,33,10,10,10,9,18,25
2017-12-31,23,27,13,None,62,75,49,T,30.21,30.32,30.12,32,36,28,10,10,7,11,22,26
2018-01-01,8,11,5,Snow,52,57,46,T,30.46,30.56,30.32,24,29,18,10,10,9,13,22,27
2018-01-02,6,9,2,None,51,76,26,0.00,30.51,30.62,30.37,25,36,13,10,10,10,6,12,15
2018-01-03,5,7,3,None,34,42,25,0.00,30.24,30.36,30.05,33,39,27,10,10,10,8,16,22
2018-01-04,7,12,2,None,47,65,28,0.00,30.11,30.27,30.02,28,35,20,10,10,10,17,25,33
2018-01-05,4,7,0,None,39,56,21,0.00,30.34,30.40,30.26,28,39,17,10,10,10,11,20,23
2018-01-06,7,14,-1,None,41,62,20,0.00,30.47,30.52,30.40,31,40,21,10,10,10,9,17,22
2018-01-07,7,9,0,None,42,57,27,0.00,30.49,30.59,30.40,31,40,21,10,10,10,9,14,19
2018-01-08,22,38,7,Rain,67,100,33,0.27,30.27,30.37,30.16,37,43,31,9,10,4,9,17,19
2018-01-09,47,55,37,None,84,100,67,T,30.22,30.29,30.17,51,65,36,8,10,3,7,13,16
2018-01-10,53,57,49,Fog,82,100,63,T,30.21,30.29,30.15,59,65,53,8,10,0,10,18,23
2018-01-11,57,59,53,"Fog,Rain",100,100,100,0.06,30.04,30.15,29.89,57,60,53,1,7,0,9,17,24
2018-01-12,53,61,22,"Fog,Rain",89,100,78,0.52,29.77,29.97,29.64,45,62,28,8,10,0,13,30,37
2018-01-13,22,25,15,None,69,78,59,0.00,30.23,30.45,29.97,30,37,23,10,10,10,20,31,40
2018-01-14,14,17,11,None,55,80,30,0.00,30.49,30.57,30.45,30,42,18,10,10,10,7,21,26
2018-01-15,22,27,16,None,57,75,38,0.00,30.45,30.53,30.40,38,49,26,10,10,10,5,10,17
2018-01-16,27,33,23,Snow,69,92,46,0.01,30.39,30.45,30.33,39,50,27,9,10,2,8,20,26
2018-01-17,13,24,7,"Fog,Snow",71,92,50,0.14,30.39,30.45,30.32,21,27,14,6,10,0,18,30,36
2018-01-18,11,14,8,None,54,74,33,0.00,30.42,30.48,30.35,28,41,15,10,10,10,11,18,22
2018-01-19,12,15,5,None,36,57,14,0.00,30.30,30.36,30.24,41,55,26,10,10,10,7,16,21
2018-01-20,28,41,12,None,48,66,30,0.00,30.26,30.30,30.21,49,64,33,10,10,10,6,15,17
2018-01-21,41,46,36,None,64,85,42,0.00,30.22,30.29,30.16,54,69,39,10,10,10,4,10,13
2018-01-22,54,61,42,Rain,83,100,66,0.83,30.01,30.15,29.87,55,62,47,7,10,1,8,22,32
2018-01-23,40,61,31,None,66,93,38,0.00,29.97,30.17,29.85,52,63,40,10,10,10,14,23,33
2018-01-24,27,30,24,None,54,76,32,0.00,30.26,30.38,30.16,44,53,35,10,10,10,13,23,29
2018-01-25,24,28,17,None,49,75,22,0.00,30.48,30.54,30.38,45,58,32,10,10,10,6,12,22
2018-01-26,26,34,20,None,47,70,23,0.00,30.55,30.64,30.51,47,58,35,10,10,10,7,15,20
2018-01-27,46,53,37,Rain,75,100,50,0.06,30.40,30.49,30.29,53,57,49,10,10,4,8,14,19
2018-01-28,54,56,53,"Fog,Rain",100,100,100,1.35,30.18,30.28,30.09,55,57,53,2,4,0,7,12,19
2018-01-29,40,54,25,Rain,65,100,30,0.02,30.10,30.22,30.04,50,57,42,8,10,1,14,28,37
2018-01-30,21,30,14,None,50,70,30,0.00,30.33,30.43,30.23,38,46,30,10,10,10,14,24,32
2018-01-31,20,23,18,None,44,63,24,0.00,30.28,30.37,30.17,43,56,29,10,10,10,7,14,19
2018-02-01,41,53,24,Rain,69,93,45,0.08,30.12,30.19,30.02,52,64,40,10,10,2,11,28,35
2018-02-02,22,42,10,Rain,60,92,27,0.01,30.33,30.44,30.12,39,46,32,10,10,10,16,28,34
2018-02-03,16,19,12,None,40,54,26,0.00,30.35,30.45,30.21,41,50,32,10,10,10,9,14,20
2018-02-04,37,45,20,Rain,70,100,39,1.43,30.00,30.19,29.88,42,48,35,6,10,2,9,22,26
2018-02-05,34,40,27,None,69,100,38,0.00,30.16,30.25,30.06,46,53,38,10,10,8,7,20,24
2018-02-06,39,48,29,None,54,67,40,0.00,30.27,30.35,30.22,55,69,40,10,10,10,5,10,14
2018-02-07,55,61,39,"Rain,Thunderstorm",86,100,72,1.68,30.11,30.27,30.04,52,62,41,8,10,2,12,24,32
2018-02-08,32,37,28,None,63,92,33,0.00,30.38,30.45,30.27,46,59,33,10,10,9,11,21,26
2018-02-09,40,53,30,Rain,65,93,37,0.55,30.32,30.43,30.25,50,63,37,9,10,2,8,15,20
2018-02-10,57,65,51,"Fog,Rain,Thunderstorm",100,100,100,0.36,30.12,30.24,30.00,58,65,51,3,10,0,8,16,22
2018-02-11,63,65,61,Rain,97,100,93,0.67,30.03,30.11,29.97,64,67,61,8,10,3,11,17,26
2018-02-12,56,62,47,Rain,88,100,75,0.04,30.27,30.44,30.12,56,62,50,7,10,1,8,17,20
2018-02-13,46,53,42,Rain,83,100,66,0.01,30.53,30.62,30.43,52,56,47,8,10,2,10,22,27
2018-02-14,51,58,45,Rain,90,100,80,T,30.44,30.53,30.31,54,60,48,5,10,0,5,9,12
2018-02-15,61,63,58,Rain,87,100,73,0.02,30.21,30.30,30.09,65,70,59,8,10,1,9,17,25
2018-02-16,61,64,51,Rain,75,93,57,0.02,30.07,30.14,30.01,65,75,55,9,10,2,12,24,30
2018-02-17,54,62,48,Rain,66,89,43,0.02,30.12,30.15,30.05,64,77,51,10,10,6,9,24,33
2018-02-18,53,60,46,Rain,77,97,56,0.03,30.21,30.28,30.12,57,66,48,10,10,2,8,17,25
2018-02-19,60,63,57,Rain,77,100,54,0.01,30.29,30.35,30.23,68,76,59,5,10,0,9,17,22
2018-02-20,62,65,57,Fog,84,100,68,T,30.35,30.40,30.30,67,75,58,6,10,0,8,15,20
2018-02-21,66,68,63,Rain,82,100,64,0.05,30.37,30.43,30.32,71,77,65,8,10,2,8,15,18
2018-02-22,64,65,62,None,79,100,58,0.00,30.39,30.44,30.35,71,79,63,9,10,6,7,13,18
2018-02-23,61,64,59,Fog,77,100,54,0.00,30.35,30.44,30.24,69,78,60,8,10,0,5,13,17
2018-02-24,59,61,57,None,71,93,48,0.00,30.12,30.23,30.02,71,79,63,10,10,9,10,23,29
2018-02-25,61,65,57,Rain,84,97,70,0.30,30.10,30.18,30.01,64,69,59,9,10,1,8,25,30
2018-02-26,54,57,47,Rain,82,100,63,0.51,30.19,30.30,30.13,58,66,49,7,10,2,8,16,20
2018-02-27,43,46,41,None,69,93,44,0.00,30.32,30.42,30.23,55,65,45,10,10,10,9,20,23
2018-02-28,54,62,44,Rain,81,100,61,0.32,30.08,30.23,29.91,58,64,51,6,10,0,7,13,17
2018-03-01,60,64,50,Rain,87,100,73,0.16,29.88,30.04,29.78,64,73,54,8,10,1,12,29,35
2018-03-02,32,45,25,None,59,89,28,0.00,30.18,30.24,30.08,52,58,45,10,10,10,16,25,32
2018-03-03,25,27,21,None,43,64,21,0.00,30.24,30.30,30.19,51,64,37,10,10,10,12,21,27
2018-03-04,25,34,20,None,40,64,16,0.00,30.20,30.28,30.14,53,67,38,10,10,10,5,10,14
2018-03-05,35,40,29,None,54,70,38,T,30.06,30.13,29.95,52,59,44,10,10,10,5,14,17
2018-03-06,51,59,34,"Rain,Thunderstorm",74,100,47,0.71,29.83,29.94,29.78,55,60,49,6,10,2,9,22,28
2018-03-07,27,30,24,None,49,59,39,0.00,29.96,30.06,29.80,45,50,39,10,10,7,15,31,40
2018-03-08,25,27,23,None,59,78,39,0.00,30.05,30.11,30.01,40,49,31,10,10,10,12,24,32
2018-03-09,25,29,22,None,50,72,27,0.00,30.10,30.18,30.03,46,61,30,10,10,10,7,15,21
2018-03-10,43,55,27,Rain,63,80,45,T,29.99,30.06,29.94,54,67,40,10,10,10,6,16,20
2018-03-11,54,56,53,Rain,93,100,86,0.97,29.89,29.96,29.79,55,57,53,4,10,1,5,16,19
2018-03-12,39,53,26,Rain,69,100,38,0.13,29.86,30.07,29.75,46,53,39,8,10,1,19,37,45
2018-03-13,28,29,25,None,53,70,35,0.00,30.08,30.16,30.01,45,54,35,10,10,10,13,22,30
2018-03-14,21,27,17,None,48,70,26,0.00,30.11,30.16,30.05,44,52,35,10,10,10,13,23,30
2018-03-15,24,29,20,None,39,59,19,0.00,30.06,30.13,29.97,51,68,34,10,10,10,9,21,31
2018-03-16,37,48,26,None,55,77,32,0.00,30.02,30.06,29.98,59,71,46,10,10,9,8,16,20
2018-03-17,56,61,48,Rain,72,87,57,0.01,29.95,30.04,29.85,65,75,54,10,10,7,9,21,27
2018-03-18,49,59,34,Rain,58,93,23,0.03,29.88,29.95,29.82,67,77,57,10,10,10,7,14,25
2018-03-19,59,64,55,"Rain,Hail,Thunderstorm",92,100,84,1.41,29.71,29.85,29.49,62,66,57,5,10,0,8,29,35
2018-03-20,53,61,41,"Fog,Rain,Thunderstorm",74,100,48,0.13,29.58,29.72,29.52,58,70,46,7,10,0,13,29,37
2018-03-21,30,38,26,None,64,82,45,0.00,29.90,30.14,29.73,44,51,36,10,10,10,19,32,46
2018-03-22,27,30,25,None,54,75,32,0.00,30.24,30.30,30.15,46,57,34,10,10,10,13,25,32
2018-03-23,33,39,28,None,50,64,36,T,30.25,30.32,30.18,51,64,38,10,10,10,6,16,22
2018-03-24,46,54,40,Rain,57,72,41,T,30.04,30.18,29.88,63,74,51,10,10,9,8,21,29
2018-03-25,45,55,42,Rain,81,100,61,0.38,30.06,30.28,29.88,56,69,43,7,10,2,13,24,27
2018-03-26,35,41,28,Rain,61,76,46,T,30.38,30.48,30.27,47,49,45,10,10,9,15,25,30
2018-03-27,44,49,38,None,78,89,66,T,30.36,30.45,30.27,53,60,46,10,10,8,10,16,21
2018-03-28,52,56,46,None,75,100,50,0.00,30.11,30.25,30.01,62,76,48,9,10,7,9,21,28
2018-03-29,59,63,55,"Rain,Thunderstorm",77,100,54,0.93,29.96,30.04,29.86,67,76,57,8,10,2,11,24,31
2018-03-30,51,62,38,None,74,100,48,0.00,30.06,30.25,29.93,58,65,51,10,10,10,13,23,28
2018-03-31,37,40,34,None,53,76,29,0.00,30.25,30.33,30.18,56,68,44,10,10,10,8,16,21
2018-04-01,41,46,37,None,52,76,27,0.00,30.11,30.19,30.01,62,77,47,10,10,10,6,14,20
2018-04-02,43,49,33,None,45,72,18,0.00,29.98,30.02,29.93,69,81,56,10,10,7,7,16,20
2018-04-03,57,61,46,None,74,100,47,T,29.96,30.03,29.86,69,80,58,8,10,0,9,18,26
2018-04-04,47,62,26,"Rain,Thunderstorm",64,100,27,0.23,29.98,30.16,29.85,59,70,47,9,10,4,15,26,35
2018-04-05,29,34,23,None,45,70,20,0.00,30.17,30.25,30.09,52,66,38,10,10,10,5,15,21
2018-04-06,40,51,34,Rain,47,65,29,0.02,30.00,30.10,29.85,62,74,50,10,10,9,7,18,23
2018-04-07,50,57,38,Rain,78,93,62,0.05,29.79,29.89,29.75,50,60,39,9,10,3,11,25,31
2018-04-08,38,42,33,None,72,85,59,0.00,29.97,30.04,29.89,47,55,38,10,10,10,8,18,23
2018-04-09,47,51,41,Rain,86,100,71,0.10,30.01,30.12,29.95,53,59,46,8,10,2,7,12,15
2018-04-10,45,49,34,None,61,93,29,T,30.12,30.19,30.06,60,70,50,10,10,9,7,15,20
2018-04-11,35,41,31,None,50,76,23,0.00,30.16,30.22,30.11,57,70,44,10,10,10,9,21,26
2018-04-12,40,42,37,None,47,68,26,0.00,30.14,30.23,30.07,64,77,50,10,10,10,7,16,20
2018-04-13,51,57,43,None,58,77,39,0.00,30.07,30.13,30.01,67,80,53,10,10,9,10,23,29
2018-04-14,60,63,57,None,71,93,48,0.00,29.98,30.06,29.89,71,80,61,10,10,7,12,23,27
2018-04-15,55,64,38,"Rain,Thunderstorm",79,100,57,1.09,29.77,29.88,29.70,57,72,42,6,10,1,12,26,32
2018-04-16,34,39,32,None,66,85,46,0.00,29.98,30.07,29.91,46,53,38,10,10,10,15,26,33
2018-04-17,38,47,29,None,53,76,29,0.00,30.04,30.12,29.94,56,76,36,10,10,10,11,23,32
2018-04-18,47,52,43,None,49,71,26,0.00,29.95,30.01,29.89,68,83,53,10,10,10,12,26,37
2018-04-19,45,58,34,None,62,84,39,0.00,30.03,30.18,29.89,59,68,50,10,10,9,14,24,31
2018-04-20,31,36,26,None,44,65,22,0.00,30.28,30.36,30.17,56,68,44,10,10,10,9,23,30
2018-04-21,39,44,35,None,51,71,31,0.00,30.28,30.34,30.23,59,72,46,10,10,10,9,20,26
2018-04-22,56,59,45,"Rain,Thunderstorm",75,97,52,0.57,30.16,30.24,30.01,60,62,58,8,10,2,14,28,38
2018-04-23,61,65,57,"Rain,Thunderstorm",94,100,87,4.16,29.93,30.00,29.85,64,69,58,5,10,1,12,23,33
2018-04-24,59,61,55,"Rain,Thunderstorm",82,100,63,0.02,29.86,29.90,29.82,64,70,58,7,10,1,10,17,23
2018-04-25,53,55,49,None,82,100,63,0.00,29.91,29.95,29.87,61,68,54,10,10,8,10,22,26
2018-04-26,54,57,49,Rain,90,100,80,0.29,29.86,29.92,29.81,56,60,51,9,10,4,5,15,20
2018-04-27,51,55,44,Fog,69,100,38,0.00,29.85,29.91,29.81,62,72,52,7,10,0,11,20,26
2018-04-28,46,53,40,None,55,83,27,0.00,29.94,29.99,29.90,65,78,52,10,10,10,10,20,26
2018-04-29,36,44,31,None,41,59,23,0.00,30.13,30.20,30.01,61,71,51,10,10,10,10,16,24
2018-04-30,38,45,31,None,48,68,27,0.00,30.24,30.33,30.20,62,75,49,10,10,10,4,12,15
2018-05-01,50,55,42,None,55,71,39,0.00,30.24,30.30,30.20,67,80,54,10,10,10,4,13,16
2018-05-02,53,58,51,None,57,78,36,0.00,30.26,30.33,30.21,70,82,58,10,10,10,5,12,16
2018-05-03,54,60,50,None,59,84,34,0.00,30.22,30.29,30.17,71,83,59,10,10,10,7,13,17
2018-05-04,57,62,52,None,64,84,43,0.00,30.14,30.21,30.07,71,83,59,10,10,10,7,15,20
2018-05-05,61,65,59,None,69,84,54,0.00,30.02,30.07,29.96,72,78,66,10,10,10,6,13,17
2018-05-06,55,63,46,None,67,100,33,0.00,29.97,30.01,29.94,70,80,60,10,10,6,13,25,35
2018-05-07,51,56,41,None,52,78,25,0.00,30.02,30.06,29.98,72,83,61,10,10,10,10,17,24
2018-05-08,57,62,52,"Rain,Thunderstorm",64,78,50,0.02,30.09,30.14,30.03,70,79,61,10,10,8,8,24,30
2018-05-09,58,62,53,None,62,90,34,0.00,30.09,30.14,30.03,74,85,62,10,10,10,5,9,13
2018-05-10,60,66,58,Rain,63,87,39,0.07,30.06,30.10,30.00,76,88,63,10,10,9,8,31,38
2018-05-11,62,65,60,None,67,93,40,0.00,30.09,30.14,30.05,76,89,62,10,10,10,5,13,18
2018-05-12,60,64,56,None,57,79,34,0.00,30.10,30.17,30.06,79,90,68,10,10,10,5,13,20
2018-05-13,59,62,55,None,57,81,32,0.00,30.07,30.13,30.01,79,91,67,10,10,10,5,14,19
2018-05-14,63,67,60,None,59,79,38,0.00,30.00,30.04,29.95,80,91,69,10,10,10,6,13,18
2018-05-15,67,70,64,Rain,84,100,67,0.56,29.98,30.04,29.91,74,78,69,9,10,2,8,18,27
2018-05-16,70,72,68,Rain,91,100,82,0.53,29.92,29.96,29.87,73,76,69,7,10,1,6,10,15
2018-05-17,69,70,66,"Rain,Thunderstorm",84,100,67,0.12,29.88,29.93,29.81,75,82,68,8,10,3,5,15,19
2018-05-18,68,70,66,Fog,84,100,67,0.00,29.90,29.98,29.85,75,83,66,7,10,0,7,16,23
2018-05-19,69,71,67,None,78,100,55,T,30.01,30.08,29.96,78,86,70,9,10,6,6,13,16
2018-05-20,69,70,67,"Rain,Thunderstorm",81,100,61,1.09,30.11,30.18,30.05,77,86,68,9,10,1,5,28,42
2018-05-21,64,65,62,None,74,93,54,0.18,30.12,30.18,30.06,75,83,66,10,10,10,7,18,24
2018-05-22,66,69,64,"Rain,Thunderstorm",74,90,58,0.49,30.07,30.14,30.00,77,84,69,9,10,2,6,22,28
2018-05-23,68,69,66,"Fog,Rain",74,90,58,0.29,30.06,30.11,30.01,77,84,69,6,10,0,5,14,18
2018-05-24,68,70,66,"Fog,Rain,Thunderstorm",78,100,55,0.08,30.07,30.13,30.01,78,86,70,7,10,0,7,28,32
2018-05-25,68,70,66,Rain,76,90,62,0.01,30.02,30.11,29.93,77,83,70,10,10,7,8,15,19
2018-05-26,68,69,65,Thunderstorm,74,93,55,0.00,29.94,30.00,29.86,77,85,69,10,10,6,5,14,19
2018-05-27,67,68,63,Rain,73,90,55,0.04,29.93,29.99,29.88,77,83,70,10,10,8,8,18,25
2018-05-28,69,72,66,"Rain,Thunderstorm",79,93,65,0.52,29.85,29.94,29.77,77,85,69,8,10,1,12,23,31
2018-05-29,70,73,68,Rain,84,93,74,0.40,29.80,29.89,29.75,76,82,70,7,10,2,12,21,27
2018-05-30,69,70,67,Rain,78,87,69,0.05,29.91,29.96,29.86,77,82,71,10,10,7,9,17,23
2018-05-31,70,71,68,None,76,93,59,T,29.97,30.04,29.93,79,87,71,8,10,2,6,13,16
2018-06-01,67,72,63,"Rain,Thunderstorm",75,90,59,0.53,29.98,30.05,29.93,79,89,68,9,10,2,7,33,44
2018-06-02,69,75,65,"Rain,Thunderstorm",78,90,52,0.03,29.89,29.94,29.81,79,89,68,10,10,7,7,17,22
2018-06-03,71,75,67,Thunderstorm,69,90,47,0.01,29.87,29.92,29.83,82,92,72,10,10,10,8,20,25
2018-06-04,56,66,48,None,53,73,32,0.00,29.92,29.98,29.89,76,85,66,10,10,10,11,20,26
2018-06-05,56,61,53,None,59,78,39,0.00,29.88,29.92,29.84,73,83,63,10,10,10,7,15,19
2018-06-06,57,60,52,None,57,84,29,0.00,29.87,29.90,29.83,77,91,63,10,10,10,7,15,20
2018-06-07,61,63,59,None,55,73,37,0.00,29.98,30.06,29.90,79,89,69,10,10,10,6,15,20
2018-06-08,66,68,63,"Rain,Thunderstorm",61,74,47,0.01,30.11,30.15,30.06,82,90,73,10,10,7,6,20,23
2018-06-09,66,69,64,Thunderstorm,65,84,46,0.00,30.08,30.13,30.01,80,90,70,10,10,10,5,16,19
2018-06-10,66,70,65,"Rain,Thunderstorm",69,87,50,T,29.99,30.04,29.92,79,89,68,10,10,10,6,15,18
2018-06-11,67,70,64,"Rain,Thunderstorm",72,90,53,0.04,29.95,29.99,29.89,79,88,70,10,10,7,7,25,29
2018-06-12,67,70,66,Fog,77,90,63,0.00,30.05,30.12,29.99,77,84,69,8,10,0,7,18,22
2018-06-13,69,71,65,"Rain,Thunderstorm",74,93,55,1.14,30.06,30.13,29.97,80,88,72,8,10,2,7,15,19
2018-06-14,70,71,68,None,75,93,57,0.00,30.01,30.08,29.94,80,88,71,9,10,3,6,13,18
2018-06-15,71,76,68,"Rain,Thunderstorm",72,93,50,0.38,29.97,30.02,29.93,82,91,72,10,10,9,6,14,17
2018-06-16,71,73,68,"Fog,Thunderstorm",73,94,52,0.00,30.03,30.12,29.98,82,91,73,8,10,0,5,14,21
2018-06-17,69,71,67,Thunderstorm,73,90,55,0.00,30.12,30.19,30.06,80,89,71,10,10,7,5,14,16
2018-06-18,68,70,66,"Rain,Thunderstorm",67,84,49,T,30.10,30.16,30.03,81,91,71,10,10,10,7,15,21
2018-06-19,69,72,67,None,63,82,44,0.00,30.00,30.05,29.93,84,93,75,10,10,10,10,16,21
2018-06-20,67,70,61,None,60,82,38,0.00,29.93,29.96,29.87,84,93,75,10,10,10,10,18,24
2018-06-21,70,74,67,"Rain,Thunderstorm",73,87,59,0.01,29.87,29.91,29.83,81,88,74,10,10,7,8,20,25
2018-06-22,69,71,66,"Rain,Thunderstorm",70,93,47,0.47,29.85,29.89,29.80,82,91,72,9,10,2,10,29,34
2018-06-23,70,74,67,"Rain,Thunderstorm",79,93,58,0.18,29.92,29.98,29.84,78,83,72,10,10,6,8,16,22
2018-06-24,72,74,70,Thunderstorm,73,93,52,0.00,29.99,30.03,29.94,83,92,74,10,10,10,7,16,21
2018-06-25,70,73,64,"Rain,Thunderstorm",75,93,56,0.71,30.09,30.18,30.02,81,91,71,9,10,2,6,31,40
2018-06-26,70,73,67,"Fog,Thunderstorm",75,97,52,0.00,30.10,30.16,30.01,81,92,69,8,10,1,5,26,30
2018-06-27,68,73,63,"Rain,Thunderstorm",77,90,52,0.12,30.05,30.15,29.96,80,90,71,9,10,6,12,26,37
2018-06-28,68,74,64,"Rain,Thunderstorm",80,90,70,0.17,30.03,30.09,29.95,77,86,68,9,10,3,8,40,49
2018-06-29,0,0,0,None,73,93,52,0.00,0,0,0,79,90,67,0,0,0,6,14,18
2018-06-30,0,0,0,None,73,93,52,0.00,0,0,0,82,90,74,0,0,0,8,17,22
2018-07-01,71,73,69,"Rain,Thunderstorm",74,87,61,0.06,30.04,30.09,30.00,80,87,73,9,10,6,6,15,21
2018-07-02,71,73,69,Rain,74,93,55,0.01,30.05,30.11,30.00,81,88,74,9,10,6,6,15,21
2018-07-03,69,73,67,Thunderstorm,67,87,47,0.00,30.10,30.14,30.06,83,92,73,10,10,10,7,14,20
2018-07-04,69,71,67,"Rain,Thunderstorm",66,82,50,0.17,30.16,30.22,30.12,83,91,74,10,10,7,10,25,31
2018-07-05,70,73,67,Thunderstorm,69,87,51,T,30.21,30.27,30.15,82,89,75,9,10,7,8,18,22
2018-07-06,70,72,68,"Rain,Thunderstorm",73,87,59,0.10,30.15,30.22,30.06,81,90,72,10,10,7,6,20,23
2018-07-07,69,71,67,Thunderstorm,77,93,61,0.00,30.11,30.21,30.06,80,88,71,9,10,0,10,23,27
2018-07-08,65,68,62,Rain,68,84,51,T,30.22,30.29,30.16,78,85,71,10,10,9,10,21,24
2018-07-09,62,66,57,None,56,73,38,0.00,30.21,30.27,30.14,81,91,70,10,10,10,7,14,20
2018-07-10,67,70,64,None,64,84,44,0.00,30.08,30.16,29.99,82,93,71,10,10,10,7,14,17
2018-07-11,70,72,68,"Rain,Thunderstorm",67,87,46,0.00,30.00,30.05,29.95,83,93,73,10,10,10,6,14,20
2018-07-12,71,72,69,Thunderstorm,64,82,46,0.00,30.04,30.08,30.00,86,94,77,10,10,9,7,20,24
2018-07-13,73,74,71,"Rain,Thunderstorm",72,87,56,1.02,30.10,30.17,30.06,83,90,76,8,10,6,6,23,28
2018-07-14,72,75,71,"Rain,Thunderstorm",78,94,61,3.00,30.11,30.17,30.05,82,89,75,7,10,1,6,21,23
2018-07-15,72,74,71,"Rain,Thunderstorm",75,93,56,0.01,30.07,30.12,29.99,82,90,74,7,10,1,4,10,14
2018-07-16,72,75,70,"Rain,Thunderstorm",77,94,59,0.37,30.03,30.08,29.96,81,89,73,9,10,2,5,16,22
2018-07-17,73,74,71,None,75,94,56,0.00,30.00,30.07,29.93,82,91,73,7,10,2,6,12,14
2018-07-18,71,74,65,Thunderstorm,69,93,44,0.00,29.94,30.00,29.87,84,93,74,10,10,6,7,15,19
2018-07-19,71,73,68,Rain,70,87,52,0.04,29.94,30.01,29.90,83,91,74,10,10,7,8,21,29
2018-07-20,70,71,68,Rain,74,93,55,T,29.98,30.05,29.93,81,87,74,10,10,7,8,15,20
2018-07-21,69,75,66,"Rain,Thunderstorm",75,90,59,1.21,29.88,29.97,29.78,79,90,68,8,10,1,7,35,40
2018-07-22,66,68,65,"Rain,Thunderstorm",69,90,48,0.15,29.78,29.83,29.73,78,87,69,10,10,4,9,24,29
2018-07-23,67,69,64,"Rain,Thunderstorm",76,93,58,0.80,29.82,29.93,29.76,77,85,68,9,10,2,5,17,19
2018-07-24,68,70,66,Rain,77,93,61,0.02,29.92,29.98,29.87,79,86,71,9,10,7,6,15,17
2018-07-25,68,70,63,None,67,87,46,0.00,29.93,29.97,29.89,81,89,72,10,10,10,6,16,20
2018-07-26,64,71,56,None,59,84,34,0.00,29.97,30.01,29.93,81,91,70,10,10,10,6,15,20
2018-07-27,65,69,62,None,60,79,41,0.00,30.01,30.04,29.97,81,91,71,10,10,9,7,14,19
2018-07-28,62,69,54,None,57,84,29,0.00,30.04,30.08,30.01,81,90,72,10,10,10,8,16,21
2018-07-29,62,68,57,None,57,79,34,0.00,30.02,30.04,29.96,79,89,68,10,10,10,6,14,18
2018-07-30,70,72,69,Thunderstorm,76,93,59,0.00,30.01,30.08,29.95,80,88,72,8,10,1,6,15,18
2018-07-31,69,72,65,"Rain,Thunderstorm",76,90,61,1.08,30.02,30.08,29.98,79,87,70,8,10,1,6,25,35
2018-08-01,69,72,67,"Fog,Rain",89,93,84,1.22,30.04,30.08,30.01,73,76,70,6,10,0,6,15,21
2018-08-02,70,72,69,Rain,88,93,82,3.61,30.05,30.11,29.98,74,77,71,6,10,0,7,24,29
2018-08-03,69,70,68,Rain,76,93,59,0.10,30.09,30.15,30.03,79,87,71,9,10,2,5,13,15
2018-08-04,70,72,68,None,69,87,50,0.00,30.15,30.21,30.10,81,89,73,10,10,10,4,12,14
2018-08-05,71,73,68,"Rain,Thunderstorm",70,87,52,0.01,30.19,30.25,30.14,84,92,75,10,10,10,2,16,23
2018-08-06,71,73,68,None,67,88,46,0.00,30.14,30.18,30.07,85,93,76,10,10,10,5,12,16
2018-08-07,70,74,65,Thunderstorm,67,87,47,0.00,30.09,30.15,30.03,84,92,75,10,10,10,5,30,39
2018-08-08,69,73,67,"Rain,Thunderstorm",73,93,52,0.41,30.06,30.10,30.00,82,91,72,9,10,2,7,35,49
2018-08-09,71,74,67,"Rain,Thunderstorm",76,93,59,0.78,30.05,30.09,30.01,81,90,71,9,10,1,7,31,39
2018-08-10,70,73,68,None,75,94,55,0.00,30.00,30.07,29.90,80,89,71,9,10,3,7,14,17
2018-08-11,70,73,68,None,74,94,53,0.00,29.96,30.01,29.93,81,88,73,9,10,7,9,16,21
2018-08-12,69,72,66,None,71,90,52,0.00,30.01,30.06,29.97,82,91,72,10,10,10,7,15,20
2018-08-13,66,70,61,None,65,90,40,0.00,30.02,30.06,29.97,81,89,72,10,10,7,6,12,16
2018-08-14,64,67,61,None,61,84,38,0.00,30.02,30.06,29.99,79,90,68,10,10,10,5,13,16
2018-08-15,65,68,62,None,61,84,38,0.00,30.06,30.10,30.02,82,93,71,10,10,7,4,12,14
2018-08-16,69,72,67,Thunderstorm,67,87,47,0.00,30.12,30.17,30.08,82,91,73,10,10,7,6,13,17
2018-08-17,70,73,69,"Rain,Thunderstorm",74,87,61,0.06,30.14,30.21,30.06,80,87,73,10,10,7,8,17,21
2018-08-18,71,73,69,"Rain,Thunderstorm",77,93,61,1.39,30.05,30.13,29.95,81,88,73,9,10,0,9,23,33
2018-08-19,71,72,70,None,81,93,69,T,29.99,30.05,29.96,79,84,73,9,10,7,7,13,16
2018-08-20,70,72,69,None,81,93,69,T,30.05,30.10,30.01,79,85,73,10,10,7,8,16,21
2018-08-21,71,74,68,Rain,74,87,61,0.01,30.02,30.08,29.95,81,88,73,9,10,3,9,17,24
2018-08-22,66,68,63,None,71,90,51,0.00,30.01,30.03,29.98,78,86,70,10,10,10,10,21,25
2018-08-23,63,64,61,None,67,87,47,0.00,30.04,30.09,30.00,77,86,67,10,10,7,6,12,15
2018-08-24,60,63,56,None,63,73,53,0.00,30.12,30.20,30.06,73,82,64,10,10,9,10,17,25
2018-08-25,61,64,57,None,59,73,45,0.00,30.18,30.24,30.15,77,87,66,10,10,9,7,12,16
2018-08-26,65,69,63,None,61,79,43,0.00,30.19,30.25,30.14,80,89,70,10,10,9,5,12,16
2018-08-27,67,71,65,None,63,79,47,0.00,30.14,30.20,30.09,82,91,72,10,10,10,5,12,17
2018-08-28,69,71,67,None,66,82,50,T,30.14,30.22,30.09,82,90,74,10,10,10,4,17,21
2018-08-29,69,71,65,"Rain,Thunderstorm",71,87,55,T,30.13,30.19,30.06,81,90,72,10,10,9,6,23,29
2018-08-30,67,70,65,None,68,90,46,0.00,30.12,30.17,30.04,79,88,70,10,10,10,5,13,21
2018-08-31,67,69,65,None,72,93,51,0.00,30.12,30.17,30.08,81,89,72,10,10,10,5,13,19
2018-09-01,68,71,66,None,66,84,47,0.00,30.14,30.21,30.10,82,90,73,10,10,10,6,13,18
2018-09-02,69,71,66,None,69,87,50,0.00,30.18,30.26,30.12,82,91,73,10,10,8,8,18,24
2018-09-03,68,70,65,None,66,87,44,0.00,30.22,30.29,30.16,82,90,73,10,10,10,10,18,23
2018-09-04,69,71,67,None,69,87,51,0.00,30.20,30.25,30.14,81,89,73,10,10,10,10,16,20
2018-09-05,69,71,67,None,69,87,51,0.00,30.16,30.23,30.11,81,88,74,10,10,6,6,13,18
2018-09-06,70,72,67,None,71,87,55,0.00,30.14,30.22,30.07,82,88,75,9,10,6,4,14,20
2018-09-07,68,71,66,None,64,84,44,T,30.06,30.12,29.98,83,93,73,10,10,9,4,15,18
2018-09-08,69,72,67,None,67,87,47,0.00,29.95,30.03,29.86,82,91,72,10,10,10,5,13,17
2018-09-09,70,74,69,"Rain,Thunderstorm",75,93,57,0.74,29.88,29.94,29.82,80,88,72,9,10,2,5,21,27
2018-09-10,70,74,69,Rain,71,87,55,0.03,29.93,30.01,29.88,80,88,72,10,10,5,6,15,17
2018-09-11,70,72,69,"Rain,Thunderstorm",72,87,57,0.19,30.03,30.06,29.99,81,88,73,10,10,4,5,17,21
2018-09-12,72,74,70,Thunderstorm,74,93,55,0.08,30.07,30.14,30.02,82,90,73,9,10,3,6,25,28
2018-09-13,71,73,69,None,71,87,55,0.05,30.06,30.15,29.99,82,89,75,10,10,7,7,14,18
2018-09-14,70,74,67,None,64,87,41,0.00,29.95,30.02,29.87,85,95,74,10,10,10,8,15,21
2018-09-15,68,70,64,None,62,84,39,0.00,29.88,29.93,29.85,84,95,73,10,10,10,9,24,29
2018-09-16,68,70,67,Rain,71,84,58,T,29.82,29.86,29.79,79,85,72,10,10,9,10,22,26
2018-09-17,68,70,66,None,67,90,44,0.00,29.92,29.96,29.87,81,92,69,10,10,10,6,14,18
2018-09-18,67,69,65,None,63,84,41,0.00,29.95,29.99,29.90,82,93,71,10,10,10,7,15,19
2018-09-19,65,69,61,None,58,79,36,0.00,29.97,30.03,29.94,84,94,74,10,10,10,4,12,14
2018-09-20,64,67,61,None,56,73,38,0.00,30.07,30.13,30.01,84,94,74,10,10,9,5,13,17
2018-09-21,65,70,61,None,62,84,40,0.00,30.13,30.22,30.05,81,90,71,10,10,8,5,13,16
2018-09-22,66,70,60,None,62,84,40,0.00,30.07,30.12,29.99,81,91,71,10,10,10,4,13,15
2018-09-23,63,70,61,None,63,84,41,0.00,30.04,30.08,29.99,80,90,69,10,10,10,6,12,17
2018-09-24,68,70,62,None,73,90,55,0.00,30.10,30.16,30.04,79,86,72,9,10,6,10,17,23
2018-09-25,69,72,67,Rain,69,87,50,T,30.13,30.19,30.06,81,88,74,9,10,6,7,15,20
2018-09-26,70,72,68,"Rain,Thunderstorm",74,93,55,0.28,30.06,30.12,29.99,81,89,72,9,10,3,5,28,35
2018-09-27,70,71,69,"Rain,Thunderstorm",79,93,65,0.11,30.01,30.06,29.94,78,85,71,8,10,1,7,17,22
2018-09-28,69,70,68,Rain,78,93,63,T,30.08,30.15,30.01,77,83,71,10,10,7,4,12,15
2018-09-29,68,69,65,Fog,74,97,50,0.00,30.15,30.19,30.10,79,88,70,9,10,3,5,12,15
2018-09-30,69,70,67,None,76,93,58,0.00,30.21,30.27,30.16,79,85,72,9,10,5,7,13,17
2018-10-01,64,68,58,Rain,67,90,44,T,30.26,30.32,30.20,78,86,70,10,10,10,8,15,22
2018-10-02,62,66,59,None,62,81,42,0.00,30.20,30.27,30.14,77,87,66,10,10,10,4,10,14
2018-10-03,63,67,60,None,59,78,40,0.00,30.12,30.16,30.05,79,90,68,10,10,10,2,10,13
2018-10-04,64,66,62,None,63,84,41,0.00,30.09,30.16,30.04,80,91,69,10,10,10,4,12,16
2018-10-05,66,67,62,None,63,84,41,0.00,30.07,30.12,30.02,81,92,70,10,10,10,5,10,13
2018-10-06,66,68,62,None,63,84,41,0.00,30.08,30.13,30.04,82,93,71,10,10,10,3,12,18
2018-10-07,64,67,61,None,60,79,40,0.00,30.14,30.21,30.11,80,89,71,10,10,10,7,14,19
2018-10-08,67,69,63,Rain,71,87,55,T,30.15,30.22,30.09,80,87,72,10,10,7,11,23,26
2018-10-09,67,69,66,Rain,83,91,73,0.05,30.11,30.14,30.09,72,74,71,8,10,2,13,17,23
