Start Date,Total Duration,Trips,Total Distance,Avg Duration,Avg Distance,events,hum_avg,prec,temp_avg,wind_avg,Daylight,Date,Day,DayOfYear,Week,Month,Year
2017-07-01,470067.06666666764,19718,27060.4769103146,23.839490144368984,1.3723743234767523,None,61,0.0,74,10,910.2166666666667,1498867200000000000,6,182,26,7,2017
2017-07-02,482085.633333335,19121,25397.992018012206,25.21236511340071,1.3282773922918365,None,59,0.0,76,10,909.5166666666667,1498953600000000000,0,183,26,7,2017
2017-07-03,443979.2499999986,19802,26330.162828096098,22.420929704070225,1.3296718931469598,None,69,0.04,73,9,908.7666666666667,1499040000000000000,1,184,27,7,2017
2017-07-04,500283.4666666682,20164,27536.770850647732,24.810725385174976,1.3656402921368642,None,73,0.0,74,7,907.95,1499126400000000000,2,185,27,7,2017
2017-07-05,290978.0333333353,17734,22890.53271189478,16.407918875230365,1.2907709886035175,Thunderstorm,68,0.0,77,6,907.0833333333334,1499212800000000000,3,186,27,7,2017
2017-07-06,296902.8666666664,18051,23867.547151273888,16.44800103410705,1.3222285275759729,None,59,0.0,81,7,906.15,1499299200000000000,4,187,27,7,2017
2017-07-07,288958.44999999925,17074,22255.299638439334,16.923887196907536,1.3034613821271719,"Rain,Thunderstorm",65,0.01,76,9,905.1666666666666,1499385600000000000,5,188,27,7,2017
2017-07-08,493468.2500000022,21617,30699.547796808925,22.82778600175798,1.4201576442988817,None,61,0.0,71,7,904.1166666666667,1499472000000000000,6,189,27,7,2017
2017-07-09,399399.6500000001,18256,25336.881732984686,21.87771965381245,1.3878660020258922,None,52,0.0,75,8,903.0,1499558400000000000,0,190,27,7,2017
2017-07-10,190892.66666666674,12385,15334.931194078756,15.413214910510032,1.2381858049316719,"Rain,Thunderstorm",71,0.73,76,7,901.85,1499644800000000000,1,191,28,7,2017
2017-07-11,249829.56666666784,16716,21459.4488305395,14.945535215761417,1.2837669795728344,"Rain,Thunderstorm",78,0.56,78,6,900.6333333333333,1499731200000000000,2,192,28,7,2017
2017-07-12,164590.04999999897,12070,15368.858050762772,13.636292460646144,1.2733105261609587,"Rain,Thunderstorm",81,1.77,75,11,899.3666666666667,1499817600000000000,3,193,28,7,2017
2017-07-13,272119.34999999974,17135,22359.84598150845,15.880907499270483,1.3049224383722469,"Rain,Thunderstorm",69,0.01,79,11,898.0333333333333,1499904000000000000,4,194,28,7,2017
2017-07-14,306597.33333333366,18199,24140.84171207333,16.846932981665677,1.3264927585072437,None,71,0.0,68,9,896.6666666666666,1499990400000000000,5,195,28,7,2017
2017-07-15,502285.299999996,21521,30514.821672592872,23.339310440964454,1.4179090968167312,None,70,0.0,71,6,895.2333333333333,1500076800000000000,6,196,28,7,2017
2017-07-16,353741.53333333327,16582,21693.884001709186,21.332862943754268,1.3082790979199848,Rain,73,0.01,69,12,893.7666666666667,1500163200000000000,0,197,28,7,2017
2017-07-17,322666.4999999981,19007,24962.748524388204,16.976192981533018,1.3133450057551537,None,68,0.0,68,6,892.25,1500249600000000000,1,198,29,7,2017
2017-07-18,316263.28333333484,19335,25654.99550462285,16.357035600379355,1.32686814091662,None,62,0.0,75,4,890.6666666666666,1500336000000000000,2,199,29,7,2017
2017-07-19,287541.7166666665,17978,23515.192871324674,15.994088144769524,1.3079982685128866,"Rain,Thunderstorm",74,0.48,79,8,889.05,1500422400000000000,3,200,29,7,2017
2017-07-20,189877.70000000048,12260,15619.614673852482,15.487577487765128,1.2740305606731226,"Rain,Thunderstorm",77,1.77,79,8,887.4,1500508800000000000,4,201,29,7,2017
2017-07-21,236271.5666666677,14049,17798.697098654116,16.817678601086747,1.266901352313625,"Rain,Thunderstorm",74,1.43,81,7,885.6833333333333,1500595200000000000,5,202,29,7,2017
2017-07-22,374537.06666666945,17093,23303.72830170448,21.911722147467938,1.3633492249285952,"Rain,Thunderstorm",75,0.66,80,9,883.9333333333333,1500681600000000000,6,203,29,7,2017
2017-07-23,344995.16666666686,16287,21383.104896140154,21.182241460469506,1.3128940195333796,"Rain,Thunderstorm",66,0.21,80,6,882.15,1500768000000000000,0,204,29,7,2017
2017-07-24,289569.9500000003,17850,23395.613037535157,16.222406162465003,1.3106786015425858,None,67,0.0,70,11,880.3166666666667,1500854400000000000,1,205,30,7,2017
2017-07-25,307576.1166666683,18779,24976.632436079275,16.378727124270107,1.3300299502678137,None,65,0.0,72,8,878.45,1500940800000000000,2,206,30,7,2017
2017-07-26,289404.9999999997,17947,23148.39756385715,16.12553630133168,1.2898198898900735,Rain,69,0.03,75,7,876.5333333333333,1501027200000000000,3,207,30,7,2017
2017-07-27,276292.10000000056,17708,22743.784732565942,15.602671109103262,1.2843790790922713,Rain,65,0.01,76,11,874.5833333333334,1501113600000000000,4,208,30,7,2017
2017-07-28,326668.3333333333,18840,24255.81305724955,17.339083510261855,1.2874635380705706,None,64,0.0,73,14,872.6,1501200000000000000,5,209,30,7,2017
2017-07-29,472780.4666666651,20339,27974.530322811344,23.245020240260835,1.3754132613605066,None,60,0.0,72,10,870.5833333333334,1501286400000000000,6,210,30,7,2017
2017-07-30,404980.9333333329,17915,24613.52335823271,22.605689831612217,1.3739058530969974,None,59,0.0,73,5,868.5333333333333,1501372800000000000,0,211,30,7,2017
2017-07-31,315829.8333333328,18864,24416.20483355334,16.74246359909525,1.2943280764182221,None,58,0.0,76,3,866.45,1501459200000000000,1,212,31,7,2017
2017-08-01,295434.1166666668,18097,23699.84723712921,16.325032694185047,1.3096008861761181,"Rain,Thunderstorm",63,0.92,77,5,864.3333333333334,1501545600000000000,2,213,31,8,2017
2017-08-02,331527.64999999927,19545,25489.524891513316,16.962274238935752,1.304145555974076,"Rain,Thunderstorm",69,0.01,77,7,862.1833333333333,1501632000000000000,3,214,31,8,2017
2017-08-03,249235.94999999946,16272,20898.20931631833,15.31686025073743,1.2843048989871146,"Rain,Thunderstorm",72,0.88,73,9,860.0,1501718400000000000,4,215,31,8,2017
2017-08-04,222704.64999999906,14920,18834.75535506733,14.926585120643368,1.2623830666935207,None,65,0.01,62,14,857.7833333333333,1501804800000000000,5,216,31,8,2017
2017-08-05,466960.96666666784,19841,27557.811682901753,23.535152798078112,1.3889325983015852,None,59,0.0,70,7,855.55,1501891200000000000,6,217,31,8,2017
2017-08-06,317909.2499999988,14812,19812.86182888287,21.462952335943747,1.3376223216907148,None,64,0.0,70,4,853.2833333333333,1501977600000000000,0,218,31,8,2017
2017-08-07,317811.91666666744,18515,23795.35697496765,17.16510486992533,1.2851934634063003,None,63,0.01,69,8,851.0,1502064000000000000,1,219,32,8,2017
2017-08-08,325943.78333333484,19643,25503.600094042817,16.5933810178351,1.2983556531101572,None,52,0.0,71,6,848.6833333333333,1502150400000000000,2,220,32,8,2017
2017-08-09,302129.08333333355,18960,24420.013895045096,15.93507823488046,1.287975416405332,None,59,0.0,72,5,846.3333333333334,1502236800000000000,3,221,32,8,2017
2017-08-10,268374.23333333276,17374,22131.29926765207,15.446888070296579,1.2738171559601743,"Rain,Thunderstorm",66,0.03,73,8,843.9666666666667,1502323200000000000,4,222,32,8,2017
2017-08-11,308149.583333332,18278,23430.05419014214,16.85904274720057,1.281871878222023,None,69,0.0,72,9,841.5833333333334,1502409600000000000,5,223,32,8,2017
2017-08-12,459284.4166666634,19803,26832.430342260584,23.192668619232613,1.3549679514346606,None,67,0.0,69,7,839.1666666666666,1502496000000000000,6,224,32,8,2017
2017-08-13,391784.6500000014,17486,23433.28874046314,22.40561878073896,1.3401171646153003,None,61,0.01,69,4,836.75,1502582400000000000,0,225,32,8,2017
2017-08-14,299055.58333333564,18505,23974.929875474656,16.16079888318485,1.295591995432297,None,65,0.0,73,4,834.3,1502668800000000000,1,226,33,8,2017
2017-08-15,325522.8666666653,19757,26556.478066019845,16.476330751969698,1.3441553913053523,None,71,0.0,76,8,831.8166666666667,1502755200000000000,2,227,33,8,2017
2017-08-16,237677.58333333262,15342,19197.172801687557,15.49195563377217,1.2512822840364721,"Rain,Thunderstorm",70,0.17,78,8,829.3333333333334,1502841600000000000,3,228,33,8,2017
2017-08-17,251871.11666666582,15811,19876.860714140723,15.93011932620744,1.2571539253773147,Rain,71,0.02,77,14,826.8333333333334,1502928000000000000,4,229,33,8,2017
2017-08-18,341656.8500000015,19231,25155.694927207955,17.765943008683973,1.3080804392495426,None,65,0.0,75,11,824.3,1503014400000000000,5,230,33,8,2017
2017-08-19,483882.28333333245,20301,27094.459134426368,23.835391524227006,1.3346366747660887,None,61,0.0,75,5,821.7666666666667,1503100800000000000,6,231,33,8,2017
2017-08-20,356665.8833333348,16117,20921.0703076428,22.1297935926869,1.298074722817075,"Rain,Thunderstorm",61,0.03,77,6,819.2166666666667,1503187200000000000,0,232,33,8,2017
2017-08-21,285811.7833333314,17579,22458.561452829257,16.258705462957586,1.2775790120501311,"Rain,Thunderstorm",71,0.03,79,9,816.65,1503273600000000000,1,233,34,8,2017
2017-08-22,252912.8166666665,16903,21399.74949790732,14.962599341339793,1.2660326272204532,Rain,60,0.02,73,13,814.0666666666667,1503360000000000000,2,234,34,8,2017
2017-08-23,283613.11666666775,18304,23746.1862413586,15.494597719988404,1.297322237836462,None,54,0.0,70,9,811.4666666666667,1503446400000000000,3,235,34,8,2017
2017-08-24,248831.21666666731,16932,21633.223992615345,14.695914048350302,1.2776532006033159,None,63,0.0,66,8,808.85,1503532800000000000,4,236,34,8,2017
2017-08-25,310097.8333333304,18341,23879.30673738665,16.907356923468207,1.3019631828900633,None,58,0.0,63,5,806.2333333333333,1503619200000000000,5,237,34,8,2017
2017-08-26,396739.7999999993,17921,23859.73188525688,22.138262373751424,1.3313839565457775,Rain,58,0.01,67,7,803.6,1503705600000000000,6,238,34,8,2017
2017-08-27,260505.29999999932,12816,16477.220653542736,20.326568352059873,1.2856757688469675,Thunderstorm,69,0.01,70,8,800.95,1503792000000000000,0,239,34,8,2017
2017-08-28,220911.35000000018,15096,18668.294060604294,14.63376722310547,1.2366384512853932,"Rain,Thunderstorm",70,0.36,72,6,798.3,1503878400000000000,1,240,35,8,2017
2017-08-29,215550.83333333358,15420,19721.061174346632,13.978653264159117,1.2789274432131408,Rain,81,0.07,69,5,795.6333333333333,1503964800000000000,2,241,35,8,2017
2017-08-30,248029.7666666674,17452,22318.81901801184,14.212111314844567,1.278868841279615,None,66,0.0,71,6,792.95,1504051200000000000,3,242,35,8,2017
2017-08-31,220213.3666666672,16148,19926.56359263555,13.637191396251374,1.2339957637252632,None,67,0.0,69,14,790.2666666666667,1504137600000000000,4,243,35,8,2017
2017-09-01,230633.70000000045,15074,18587.797652008518,15.300099509088527,1.2331032010089238,None,56,0.0,60,12,787.5833333333334,1504224000000000000,5,244,35,9,2017
2017-09-02,342402.1333333342,14927,19886.906022871495,22.938442643085292,1.332277485286494,Rain,63,0.25,63,5,784.8833333333333,1504310400000000000,6,245,35,9,2017
2017-09-03,514944.5500000007,20290,27469.432683590887,25.37922868408086,1.3538409405416898,None,62,0.0,71,7,782.1666666666666,1504396800000000000,0,246,35,9,2017
2017-09-04,321206.0499999997,14650,18824.49656102583,21.925327645051173,1.2849485707184867,Rain,64,0.01,72,13,779.45,1504483200000000000,1,247,36,9,2017
2017-09-05,210287.5833333328,15078,18781.57153818779,13.946649644073007,1.2456275061803812,Rain,59,0.01,62,13,776.7166666666667,1504569600000000000,2,248,36,9,2017
2017-09-06,177981.98333333325,13895,16918.08358932231,12.809066810603328,1.21756628926393,None,63,0.01,58,10,773.9833333333333,1504656000000000000,3,249,36,9,2017
2017-09-07,199133.73333333334,14862,18509.493593004827,13.398851657470955,1.245424141636713,None,57,0.0,62,8,771.25,1504742400000000000,4,250,36,9,2017
2017-09-08,209077.5333333334,14617,17985.60402069081,14.30372397436775,1.230457961325225,Rain,66,0.01,64,7,768.5,1504828800000000000,5,251,36,9,2017
2017-09-09,295522.2166666646,14826,19461.050534933485,19.93270043617055,1.3126298755519685,None,57,0.0,63,8,765.75,1504915200000000000,6,252,36,9,2017
2017-09-10,286102.71666666685,13803,18612.387649945722,20.72757492332586,1.3484306056615027,None,60,0.0,60,6,763.0,1505001600000000000,0,253,36,9,2017
2017-09-11,239188.51666666605,16181,20283.315860870756,14.782060235255303,1.2535267202812408,None,58,0.0,64,5,760.2333333333333,1505088000000000000,1,254,37,9,2017
2017-09-12,247389.96666666656,16830,21532.956167075426,14.699344424638536,1.2794388691072742,None,65,0.0,66,7,757.4833333333333,1505174400000000000,2,255,37,9,2017
2017-09-13,186465.33333333282,13805,17060.241505751517,13.507086804297922,1.235801630260885,None,70,0.01,68,6,754.7,1505260800000000000,3,256,37,9,2017
2017-09-14,243398.81666666662,16447,20778.31550692458,14.798979550475261,1.2633498818583682,Fog,71,0.0,70,5,751.9333333333333,1505347200000000000,4,257,37,9,2017
2017-09-15,293814.71666666627,17712,22718.594186294078,16.588455096356498,1.282666790102421,None,63,0.0,75,9,749.1666666666666,1505433600000000000,5,258,37,9,2017
2017-09-16,387823.1833333304,17813,23955.958566383255,21.771918449072608,1.344858169111506,None,64,0.0,77,8,746.3833333333333,1505520000000000000,6,259,37,9,2017
2017-09-17,291978.86666666745,14381,18822.700949393027,20.303098996360994,1.3088589770803858,None,61,0.0,75,8,743.6,1505606400000000000,0,260,37,9,2017
2017-09-18,253575.66666666587,16809,21057.639096062678,15.085708053225407,1.2527597772659098,None,62,0.0,68,8,740.8166666666667,1505692800000000000,1,261,38,9,2017
2017-09-19,206453.58333333372,14747,18453.470923960984,13.99970050405735,1.2513372837838872,Rain,75,0.07,72,6,738.0333333333333,1505779200000000000,2,262,38,9,2017
2017-09-20,222804.94999999963,16041,20127.64266210068,13.889716975250897,1.2547623378904482,None,69,0.0,77,11,735.25,1505865600000000000,3,263,38,9,2017
2017-09-21,225000.4499999985,15562,19240.946072161965,14.458324765454215,1.2364057365481278,None,56,0.0,83,6,732.4666666666667,1505952000000000000,4,264,38,9,2017
2017-09-22,267214.71666666475,16846,20825.22876865271,15.862205667022721,1.2362120840943078,None,58,0.0,83,7,729.6833333333333,1506038400000000000,5,265,38,9,2017
2017-09-23,372352.2999999992,16787,22362.744404071997,22.180991243223875,1.332146566037529,None,55,0.0,84,6,726.8833333333333,1506124800000000000,6,266,38,9,2017
2017-09-24,308766.31666666607,14425,18818.134985458822,21.40494396302711,1.3045500856470587,None,55,0.0,82,6,724.1,1506211200000000000,0,267,38,9,2017
2017-09-25,239299.71666666673,16426,20316.581078130483,14.568349973619064,1.2368550516334156,None,49,0.0,80,6,721.3166666666667,1506297600000000000,1,268,39,9,2017
2017-09-26,229117.8333333339,16685,20733.618071863024,13.731964838677488,1.2426501691257432,None,52,0.0,81,10,718.5166666666667,1506384000000000000,2,269,39,9,2017
2017-09-27,201473.7666666661,15239,18835.486910754113,13.22093094472512,1.2360054406951975,None,57,0.0,64,12,715.7333333333333,1506470400000000000,3,270,39,9,2017
2017-09-28,218644.78333333347,15800,19667.456513478443,13.838277426160346,1.2447757287011672,None,51,0.0,64,7,712.95,1506556800000000000,4,271,39,9,2017
2017-09-29,224700.90000000107,15212,18850.583239846386,14.771292400736332,1.2391916407997887,None,51,0.0,63,10,710.1666666666666,1506643200000000000,5,272,39,9,2017
2017-09-30,276296.4666666669,13734,18421.983032288113,20.117698169991765,1.3413414178162308,None,53,0.0,61,8,707.3833333333333,1506729600000000000,6,273,39,9,2017
2017-10-01,233912.9499999991,12153,15506.047751831684,19.247342220027903,1.2759028842122673,None,49,0.0,60,10,704.6,1506816000000000000,0,274,39,10,2017
2017-10-02,227289.88333333383,15848,19894.017371454425,14.341865429917581,1.2553014494860188,None,50,0.0,71,13,701.8166666666667,1506902400000000000,1,275,40,10,2017
2017-10-03,189855.18333333277,14140,17740.730270189004,13.42681636020741,1.2546485339596183,None,65,0.01,73,15,699.0333333333333,1506988800000000000,2,276,40,10,2017
2017-10-04,181720.91666666674,14151,17457.31524387005,12.841560078204138,1.2336453426521128,Rain,67,0.03,67,8,696.25,1507075200000000000,3,277,40,10,2017
2017-10-05,216796.50000000076,15598,19510.059205166894,13.898993460700138,1.250805180482555,Rain,58,0.01,66,6,693.4833333333333,1507161600000000000,4,278,40,10,2017
2017-10-06,143931.7333333331,10661,12585.873120738968,13.50077228527653,1.1805527737303225,Rain,86,0.3,65,9,690.7166666666667,1507248000000000000,5,279,40,10,2017
2017-10-07,177157.93333333367,9123,11385.194565249154,19.41882421718006,1.2479660819082707,Rain,70,0.43,70,18,687.95,1507334400000000000,6,280,40,10,2017
2017-10-08,424819.8666666663,16792,22986.952296101408,25.29894394155945,1.368922838024143,None,65,0.0,66,7,685.1833333333333,1507420800000000000,0,281,40,10,2017
2017-10-09,308392.8666666687,17642,23024.741489182554,17.48060688508495,1.3051094824386438,None,62,0.0,67,6,682.4333333333333,1507507200000000000,1,282,41,10,2017
2017-10-10,136600.06666666694,10167,11976.209250100304,13.435631618635481,1.1779491738074461,Rain,80,0.78,61,14,679.6833333333333,1507593600000000000,2,283,41,10,2017
2017-10-11,81789.6666666667,7292,8088.720769031979,11.216355823733776,1.1092595678869965,Rain,90,0.79,59,13,676.9333333333333,1507680000000000000,3,284,41,10,2017
2017-10-12,162948.34999999928,12859,15626.223634196476,12.671930165642685,1.2151974208100533,Rain,80,0.01,58,7,674.2,1507766400000000000,4,285,41,10,2017
2017-10-13,259448.94999999963,16068,20047.841228259018,16.146934901667887,1.2476874052936904,None,75,0.0,64,8,671.4666666666667,1507852800000000000,5,286,41,10,2017
2017-10-14,17293.466666666664,1454,1505.05308462446,11.893718477762492,1.035112162740344,"Rain,Thunderstorm",86,4.19,64,9,668.7333333333333,1507939200000000000,6,287,41,10,2017
2017-10-15,97937.56666666672,6422,7534.33700412788,15.250321810443277,1.1732072569492185,Rain,76,0.2,58,16,666.0166666666667,1508025600000000000,0,288,41,10,2017
2017-10-16,173428.7000000002,13170,15992.468791933725,13.168466211085816,1.2143104625614065,None,59,0.0,53,7,663.3166666666667,1508112000000000000,1,289,42,10,2017
2017-10-17,185480.0500000004,14331,17710.83747442373,12.942575535552328,1.2358410072167838,None,49,0.0,60,12,660.6166666666667,1508198400000000000,2,290,42,10,2017
2017-10-18,187781.85000000036,14122,17416.595566802825,13.297114431383681,1.2332952532787724,None,57,0.0,59,13,657.9166666666666,1508284800000000000,3,291,42,10,2017
2017-10-19,199108.5000000008,14610,18249.58961764214,13.628234086242353,1.2491163324874839,None,47,0.0,61,7,655.25,1508371200000000000,4,292,42,10,2017
2017-10-20,255127.58333333294,15854,19854.753994376915,16.092316344981263,1.2523498167261837,None,59,0.0,65,9,652.5666666666667,1508457600000000000,5,293,42,10,2017
2017-10-21,316191.28333333245,14423,19210.13060418728,21.922712565578067,1.331909492074276,None,59,0.0,69,15,649.9166666666666,1508544000000000000,6,294,42,10,2017
2017-10-22,98857.00000000001,5856,7035.240315073797,16.881318306010932,1.2013730046232578,Rain,78,0.37,61,13,647.2666666666667,1508630400000000000,0,295,42,10,2017
2017-10-23,72390.96666666688,6040,6976.452469407176,11.985259381898489,1.1550417995707245,Rain,84,0.73,52,9,644.6333333333333,1508716800000000000,1,296,43,10,2017
2017-10-24,37020.23333333329,3517,3679.7786101084394,10.526082835750154,1.0462833693797098,Rain,82,0.87,46,13,642.0166666666667,1508803200000000000,2,297,43,10,2017
2017-10-25,125900.84999999931,10747,12532.349701043786,11.71497627244806,1.1661254025350132,None,62,0.0,46,6,639.4166666666666,1508889600000000000,3,298,43,10,2017
2017-10-26,140495.60000000027,11349,13559.347955598876,12.379557670279343,1.1947614728697573,None,66,0.0,48,10,636.8333333333334,1508976000000000000,4,299,43,10,2017
2017-10-27,95125.81666666681,8244,9368.759063072306,11.53879387028952,1.1364336563649085,None,63,0.01,45,16,634.25,1509062400000000000,5,300,43,10,2017
2017-10-28,58596.19999999996,4393,4867.901518856204,13.338538584111078,1.1081041472470303,Rain,72,0.01,38,10,631.6833333333333,1509148800000000000,6,301,43,10,2017
2017-10-29,87213.7500000001,5560,6489.6553837259735,15.685926258992824,1.1672042057061103,None,59,0.0,40,8,629.15,1509235200000000000,0,302,43,10,2017
2017-10-30,100446.40000000005,8847,9932.01777483715,11.353724426359223,1.1226424522252911,None,57,0.0,44,16,626.6333333333333,1509321600000000000,1,303,44,10,2017
2017-10-31,89955.66666666679,8047,8921.389774421397,11.178782983306423,1.108660342291711,None,59,0.0,37,11,624.1166666666667,1509408000000000000,2,304,44,10,2017
2017-11-01,65391.183333333436,5941,6481.674511344323,11.006763732256092,1.0910073239091607,Rain,82,0.23,40,10,621.6333333333333,1509494400000000000,3,305,44,11,2017
2017-11-02,85983.283333333,7444,8484.959615436484,11.550682876589603,1.1398387446851805,Rain,90,0.02,48,5,619.1666666666666,1509580800000000000,4,306,44,11,2017
2017-11-03,109057.90000000001,8993,10128.653999361426,12.126976537306795,1.1262819970378546,None,76,0.0,43,10,616.7333333333333,1509667200000000000,5,307,44,11,2017
2017-11-04,33278.51666666663,2502,2740.2722070365335,13.300766053823592,1.0952326966572876,"Fog,Rain,Thunderstorm",86,0.48,46,8,614.3,1509753600000000000,6,308,44,11,2017
2017-11-05,61100.03333333321,4394,5052.504742043334,13.905333029889215,1.1498645293680778,"Fog,Rain",81,0.02,47,8,611.9,1509840000000000000,0,309,44,11,2017
2017-11-06,91860.76666666695,8349,9395.399179813969,11.002607098654565,1.1253322768971097,None,65,0.0,38,9,609.5333333333333,1509926400000000000,1,310,45,11,2017
2017-11-07,99102.0500000004,8618,9774.68178885956,11.499425620793733,1.1342169632002275,None,66,0.0,39,9,607.1833333333333,1510012800000000000,2,311,45,11,2017
2017-11-08,102941.01666666653,8836,10190.356638948653,11.650182963633604,1.153277120750187,None,64,0.0,38,5,604.8666666666667,1510099200000000000,3,312,45,11,2017
2017-11-09,86930.84999999966,7842,8632.0587424084,11.08529074215757,1.100747097986279,None,56,0.0,34,14,602.5666666666667,1510185600000000000,4,313,45,11,2017
2017-11-10,48303.73333333335,4179,4407.22998699093,11.558682300390847,1.054613540797064,Snow,60,0.01,24,8,600.3166666666667,1510272000000000000,5,314,45,11,2017
2017-11-11,34418.88333333334,2885,3112.428105336918,11.930288850375508,1.0788312323524847,None,58,0.0,32,9,598.0833333333334,1510358400000000000,6,315,45,11,2017
2017-11-12,24400.81666666667,2026,2191.444301961178,12.043838433695296,1.0816605636530987,Rain,78,0.13,38,5,595.8666666666667,1510444800000000000,0,316,45,11,2017
2017-11-13,86883.53333333338,7897,8910.490303413504,11.002093622050575,1.1283386480199449,None,90,0.0,36,6,593.7,1510531200000000000,1,317,46,11,2017
2017-11-14,94843.81666666672,8545,9772.370950850538,11.099334893700027,1.1436361557461132,None,77,0.0,40,11,591.5666666666667,1510617600000000000,2,318,46,11,2017
2017-11-15,66239.66666666664,5694,6239.6905276826365,11.633239667486238,1.095836060358735,Rain,77,0.17,44,16,589.4666666666667,1510704000000000000,3,319,46,11,2017
2017-11-16,78697.43333333345,7447,8290.34210978808,10.567669307551155,1.1132458855630563,None,70,0.0,36,10,587.4,1510790400000000000,4,320,46,11,2017
2017-11-17,58534.566666666746,5558,6031.894887868915,10.53158810123547,1.0852635638483115,"Rain,Thunderstorm",76,0.14,42,14,585.3833333333333,1510876800000000000,5,321,46,11,2017
2017-11-18,17412.299999999985,1539,1601.8150948324253,11.314035087719288,1.040815526206904,"Rain,Snow",79,0.54,42,15,583.4,1510963200000000000,6,322,46,11,2017
2017-11-19,47182.333333333445,3220,3587.698404997495,14.652898550724672,1.114192051241458,None,57,0.0,34,13,581.45,1511049600000000000,0,323,46,11,2017
2017-11-20,90251.04999999999,7572,8684.235767283151,11.919050449022714,1.1468879777183243,None,58,0.0,41,18,579.55,1511136000000000000,1,324,47,11,2017
2017-11-21,69655.93333333364,6358,6984.646851104467,10.955635944217308,1.098560372932442,Rain,54,0.02,36,15,577.6833333333333,1511222400000000000,2,325,47,11,2017
2017-11-22,56919.399999999885,4874,5226.200536649035,11.678169881001207,1.0722610867150255,None,59,0.0,29,7,575.8666666666667,1511308800000000000,3,326,47,11,2017
2017-11-23,31050.949999999953,1751,1889.1784078269202,17.73326670474012,1.0789139964745404,None,57,0.0,39,8,574.1,1511395200000000000,4,327,47,11,2017
2017-11-24,80548.7833333333,4340,5421.583770711829,18.559627496159745,1.2492128503944306,None,57,0.0,48,13,572.3666666666667,1511481600000000000,5,328,47,11,2017
2017-11-25,72421.68333333329,4059,4761.407368015878,17.842247680052548,1.1730493638866415,None,61,0.0,44,12,570.7,1511568000000000000,6,329,47,11,2017
2017-11-26,50089.3666666667,3429,3962.591872812166,14.607572664528055,1.1556115114646153,None,65,0.0,38,7,569.0666666666667,1511654400000000000,0,330,47,11,2017
2017-11-27,103159.05000000002,8721,10251.78063169911,11.828809769521845,1.1755281082099656,None,69,0.0,44,7,567.4833333333333,1511740800000000000,1,331,48,11,2017
2017-11-28,113400.36666666648,9442,11202.148908448558,12.010206171008948,1.1864169570481422,None,48,0.0,52,15,565.9666666666667,1511827200000000000,2,332,48,11,2017
2017-11-29,100062.11666666644,8565,10000.203483240339,11.682675617824453,1.1675660809387436,None,58,0.0,41,7,564.4833333333333,1511913600000000000,3,333,48,11,2017
2017-11-30,101335.26666666659,8796,10224.975699034721,11.520607852053955,1.1624574464568806,None,46,0.0,47,11,563.0666666666667,1512000000000000000,4,334,48,11,2017
2017-12-01,106346.05000000003,8694,10019.206143129626,12.23211985277203,1.152427667716773,None,58,0.0,41,5,561.7166666666667,1512086400000000000,5,335,48,12,2017
2017-12-02,105654.64999999998,6453,7802.978627893032,16.372950565628386,1.2092017089559945,None,59,0.0,44,4,560.4,1512172800000000000,6,336,48,12,2017
2017-12-03,98916.91666666699,6071,7483.593574701823,16.29334815790924,1.232678895519984,None,61,0.0,44,6,559.1666666666666,1512259200000000000,0,337,48,12,2017
2017-12-04,100470.3333333339,8664,10001.717913976338,11.596298861188123,1.1543995745586724,"Rain,Thunderstorm",64,0.16,55,22,557.9666666666667,1512345600000000000,1,338,49,12,2017
2017-12-05,57121.100000000086,5510,5825.843687514476,10.36680580762252,1.057321903360159,None,53,0.0,36,22,556.85,1512432000000000000,2,339,49,12,2017
2017-12-06,63379.41666666665,5918,6501.64583600808,10.709600653373885,1.0986221419412099,None,51,0.0,31,14,555.7833333333333,1512518400000000000,3,340,49,12,2017
2017-12-07,51663.783333333246,5069,5364.228779543676,10.192105609258876,1.0582420160867383,Snow,58,0.01,24,12,554.7833333333333,1512604800000000000,4,341,49,12,2017
2017-12-08,58286.38333333338,4964,5182.100710311296,11.74181775449907,1.043936484752477,Snow,55,0.01,28,12,553.8333333333334,1512691200000000000,5,342,49,12,2017
2017-12-09,18238.399999999994,1673,1731.858847606825,10.90161386730424,1.0351816184141214,Snow,71,0.03,26,14,552.9666666666667,1512777600000000000,6,343,49,12,2017
2017-12-10,23922.733333333348,2052,2239.0523359868293,11.658252111760891,1.091156109155375,None,65,0.0,28,10,552.15,1512864000000000000,0,344,49,12,2017
2017-12-11,52237.949999999786,5057,5393.844976022325,10.329829938698792,1.0666096452486307,Snow,74,0.08,31,10,551.4,1512950400000000000,1,345,50,12,2017
2017-12-12,43451.14999999998,4274,4407.265973755303,10.166389798783337,1.0311806209067158,Snow,60,0.01,24,13,550.7333333333333,1513036800000000000,2,346,50,12,2017
2017-12-13,52005.2666666668,4927,5284.707431577332,10.55515864961778,1.0726014677445366,Snow,61,0.01,30,16,550.1166666666667,1513123200000000000,3,347,50,12,2017
2017-12-14,48337.916666666744,4751,4892.885306501385,10.174261558970057,1.029864303620582,Snow,58,0.01,22,8,549.5833333333334,1513209600000000000,4,348,50,12,2017
2017-12-15,47016.0333333335,4557,4860.344209778077,10.317321337137042,1.0665666468681319,Snow,62,0.01,29,12,549.1166666666667,1513296000000000000,5,349,50,12,2017
2017-12-16,49802.25000000003,3614,4227.182936613776,13.78036801328169,1.1696687705074091,None,69,0.0,37,8,548.7166666666667,1513382400000000000,6,350,50,12,2017
2017-12-17,35115.96666666664,2832,3181.0391474916364,12.399705743879462,1.1232482865436568,None,81,0.0,36,5,548.3833333333333,1513468800000000000,0,351,50,12,2017
2017-12-18,63480.13333333342,5719,6533.738143112486,11.099865943929606,1.1424616441882298,Rain,77,0.01,43,12,548.1166666666667,1513555200000000000,1,352,51,12,2017
2017-12-19,75591.13333333333,6850,7804.989173518067,11.03520194647202,1.1394144778858493,None,55,0.0,43,12,547.9333333333333,1513641600000000000,2,353,51,12,2017
2017-12-20,39803.89999999996,3807,4015.1251075705736,10.455450485946928,1.0546690589888557,None,61,0.0,32,8,547.8166666666667,1513728000000000000,3,354,51,12,2017
2017-12-21,55841.43333333335,5346,5754.594612243393,10.445460780645968,1.0764299686201633,None,62,0.0,36,9,547.7666666666667,1513814400000000000,4,355,51,12,2017
2017-12-22,47821.95000000002,4301,4685.874067334459,11.118797953964199,1.089484786639028,None,76,0.01,36,7,547.7833333333333,1513900800000000000,5,356,51,12,2017
2017-12-23,18317.100000000006,1604,1706.9102149037685,11.419638403990028,1.0641584880946189,None,66,0.0,26,9,547.8833333333333,1513987200000000000,6,357,51,12,2017
2017-12-24,5050.150000000004,378,399.1098696717948,13.360185185185196,1.0558462160629491,"Fog,Snow",68,0.18,20,9,548.0333333333333,1514073600000000000,0,358,51,12,2017
2017-12-25,2966.7166666666653,233,228.72893108143853,12.732689556509293,0.9816692321091782,Snow,66,0.01,12,13,548.2833333333333,1514160000000000000,1,359,52,12,2017
2017-12-26,6834.8499999999985,731,648.6484670684605,9.349999999999998,0.8873440041976204,None,63,0.0,1,10,548.5833333333334,1514246400000000000,2,360,52,12,2017
2017-12-27,10392.099999999999,1071,971.9700439937778,9.703174603174602,0.9075350550828925,None,65,0.0,2,8,548.95,1514332800000000000,3,361,52,12,2017
2017-12-28,12327.683333333318,1224,1212.1850931899246,10.07163671023964,0.9903472983577816,Snow,67,0.03,8,8,549.4,1514419200000000000,4,362,52,12,2017
2017-12-29,11192.800000000012,1019,1009.376496111957,10.984102060843977,0.9905559333777791,Snow,76,0.08,12,6,549.9166666666666,1514505600000000000,5,363,52,12,2017
2017-12-30,5727.149999999998,521,450.1927295564721,10.992610364683298,0.8640935308185645,Snow,67,0.01,7,13,550.5,1514592000000000000,6,364,52,12,2017
2017-12-31,6910.6500000000015,599,584.9005597291224,11.536978297161939,0.9764617023858471,None,61,0.0,6,11,551.1666666666666,1514678400000000000,0,365,52,12,2017
2018-01-01,4091.783333333335,349,289.03603909279525,11.724307545367722,0.8281834931025652,None,62,0.0,-4,11,552.0666666666667,1514764800000000000,1,1,1,1,2018
2018-01-02,16149.150000000001,1537,1390.3517387967308,10.506929082628497,0.9045879888072419,None,60,0.0,0,11,552.8833333333333,1514851200000000000,2,2,1,1,2018
2018-01-03,22662.41666666668,2360,2294.239352595962,9.602718926553678,0.972135318896594,Snow,69,0.01,12,12,553.75,1514937600000000000,3,3,1,1,2018
2018-01-04,21982.316666666677,2282,2228.329359677813,9.632917031843416,0.9764808762830031,None,59,0.0,6,12,554.6833333333333,1515024000000000000,4,4,1,1,2018
2018-01-05,19427.333333333354,2079,1932.9226002510893,9.34455667789002,0.9297367004574744,None,63,0.0,5,11,555.6833333333333,1515110400000000000,5,5,1,1,2018
2018-01-06,10441.08333333334,1020,998.3759489749655,10.236356209150333,0.9787999499754564,None,54,0.0,8,6,556.75,1515196800000000000,6,6,1,1,2018
2018-01-07,11243.933333333349,993,1020.1758837101308,11.323195703256141,1.027367455901441,"Rain,Snow",58,0.03,21,15,557.8666666666667,1515283200000000000,0,7,1,1,2018
2018-01-08,47020.60000000014,4417,4996.326659303123,10.645370160742617,1.1311584014722942,None,80,0.01,34,12,559.0666666666667,1515369600000000000,1,8,2,1,2018
2018-01-09,50803.55000000001,4894,5435.763097326686,10.38078259092767,1.1106994477578027,None,88,0.0,31,6,560.3166666666667,1515456000000000000,2,9,2,1,2018
2018-01-10,53166.56666666676,4911,5587.094018094166,10.826016425711009,1.1376693174697956,Rain,87,0.01,43,16,561.6166666666667,1515542400000000000,3,10,2,1,2018
2018-01-11,47305.49999999985,4229,4726.178365601758,11.18597777252302,1.11756404956296,Rain,84,0.36,41,16,562.9833333333333,1515628800000000000,4,11,2,1,2018
2018-01-12,29384.416666666668,3035,3135.2955456790087,9.681850631521142,1.0330463082962138,Snow,62,0.01,19,20,564.4,1515715200000000000,5,12,2,1,2018
2018-01-13,13511.816666666648,1319,1259.7306563449338,10.24398534243112,0.9550649403676525,None,55,0.0,11,10,565.8833333333333,1515801600000000000,6,13,2,1,2018
2018-01-14,11875.699999999973,1103,1116.2658103559752,10.766727107887554,1.0120270266146647,Snow,63,0.08,13,9,567.4166666666666,1515888000000000000,0,14,2,1,2018
2018-01-15,12908.29999999999,1269,1260.8589910540331,10.17202521670606,0.9935847053223271,Snow,81,0.14,17,11,569.0,1515974400000000000,1,15,3,1,2018
2018-01-16,28688.383333333342,2733,2797.9612431912424,10.497030125625079,1.023769207168402,Snow,70,0.01,18,12,570.6333333333333,1516060800000000000,2,16,3,1,2018
2018-01-17,36177.58333333338,3171,3264.69161230266,11.408887837695799,1.0295463930314286,None,75,0.0,12,12,572.3333333333334,1516147200000000000,3,17,3,1,2018
2018-01-18,42414.666666666686,3915,4257.276939109974,10.833886760323546,1.0874270597982052,None,64,0.0,24,15,574.0666666666667,1516233600000000000,4,18,3,1,2018
2018-01-19,47329.450000000004,4499,4967.217074165146,10.519993331851524,1.1040713656735155,None,61,0.0,34,17,575.85,1516320000000000000,5,19,3,1,2018
2018-01-20,53074.78333333329,3771,4604.557841081179,14.074458587465736,1.2210442431930997,None,72,0.0,39,8,577.6833333333333,1516406400000000000,6,20,3,1,2018
2018-01-21,34795.6833333333,2661,2993.8617694887944,13.076168107227845,1.125088977635774,"Fog,Rain",93,0.01,40,4,579.55,1516492800000000000,0,21,3,1,2018
2018-01-22,50736.483333333366,4649,5369.742654279473,10.913418656341873,1.1550317604386906,"Fog,Rain,Thunderstorm",89,0.81,46,13,581.4833333333333,1516579200000000000,1,22,4,1,2018
2018-01-23,40908.68333333328,3925,4291.810607795728,10.422594479830137,1.0934549319224784,"Rain,Snow",79,0.07,34,13,583.4333333333333,1516665600000000000,2,23,4,1,2018
2018-01-24,46638.06666666658,4607,4939.935673023132,10.123305115404076,1.0722673481708556,Snow,72,0.02,29,6,585.45,1516752000000000000,3,24,4,1,2018
2018-01-25,63082.50000000025,5616,6410.28570409068,11.232638888888934,1.1414326396172862,None,76,0.0,34,10,587.4833333333333,1516838400000000000,4,25,4,1,2018
2018-01-26,75167.29999999997,6341,7417.498101959214,11.854171266361769,1.1697678760383559,None,68,0.0,42,19,589.5666666666667,1516924800000000000,5,26,4,1,2018
2018-01-27,79240.21666666682,4911,6290.067727330386,16.135250797529388,1.2808119990491522,None,53,0.0,43,12,591.7,1517011200000000000,6,27,4,1,2018
2018-01-28,33756.01666666664,2750,3129.0626897841676,12.274915151515142,1.1378409781033336,Snow,75,0.01,34,9,593.85,1517097600000000000,0,28,4,1,2018
2018-01-29,40898.200000000084,4069,4304.226634073811,10.05116736298847,1.0578094455821603,Snow,68,0.01,24,12,596.0333333333333,1517184000000000000,1,29,5,1,2018
2018-01-30,45767.883333333535,4620,4966.541193979163,9.906468253968297,1.0750089164457062,None,63,0.0,23,11,598.2666666666667,1517270400000000000,2,30,5,1,2018
2018-01-31,56794.63333333317,5470,6089.924779993273,10.382931139549026,1.1133317696514209,None,58,0.0,37,14,600.5166666666667,1517356800000000000,3,31,5,1,2018
2018-02-01,41529.61666666659,4145,4324.456074438011,10.019207880981083,1.0432945897317276,None,59,0.0,22,16,602.8166666666667,1517443200000000000,4,32,5,2,2018
2018-02-02,30769.433333333247,3123,3129.9784208294445,9.852524282207252,1.0022345247612694,None,50,0.0,14,10,605.1333333333333,1517529600000000000,5,33,5,2,2018
2018-02-03,21567.950000000004,1945,2108.5755977151543,11.088920308483292,1.0841005643779713,Snow,63,0.03,32,13,607.4666666666667,1517616000000000000,6,34,5,2,2018
2018-02-04,6830.4,625,592.122114410521,10.92864,0.9473953830568337,Snow,73,0.08,20,13,609.85,1517702400000000000,0,35,5,2,2018
2018-02-05,22843.266666666666,2037,1981.258978559883,11.214171166748486,0.9726357283062754,Snow,67,0.22,5,7,612.25,1517788800000000000,1,36,6,2,2018
2018-02-06,30222.949999999968,2750,2845.851248997864,10.990163636363624,1.034854999635587,Snow,69,0.02,12,5,614.6833333333333,1517875200000000000,2,37,6,2,2018
2018-02-07,28967.81666666677,2721,2717.351784068194,10.646018620605208,0.998659237070266,Snow,75,0.11,14,9,617.1333333333333,1517961600000000000,3,38,6,2,2018
2018-02-08,32996.783333333326,3052,3123.0883612886146,10.811527959807774,1.0232923857433207,Snow,76,0.15,14,7,619.6,1518048000000000000,4,39,6,2,2018
2018-02-09,9192.316666666662,678,660.87108066742,13.557989183874133,0.9747361071790855,"Fog,Snow",80,0.57,23,11,622.1,1518134400000000000,5,40,6,2,2018
2018-02-10,11234.716666666673,821,836.9419873425804,13.684185952090953,1.019417767774154,Snow,67,0.05,18,10,624.6333333333333,1518220800000000000,6,41,6,2,2018
2018-02-11,10815.533333333333,651,659.9355360276508,16.613722478238607,1.0137258617936264,"Fog,Snow",73,0.39,17,10,627.1666666666666,1518307200000000000,0,42,6,2,2018
2018-02-12,34482.066666666666,2621,2836.7808128787356,13.156072745771334,1.0823276661116885,None,58,0.0,16,6,629.7333333333333,1518393600000000000,1,43,7,2,2018
2018-02-13,45541.333333333365,3649,4010.042650602507,12.480496939800867,1.0989429023300923,None,61,0.0,21,6,632.3,1518480000000000000,2,44,7,2,2018
2018-02-14,52164.549999999894,4438,5060.704109475206,11.754067147363653,1.1403118768533587,"Fog,Rain",83,0.01,34,10,634.9,1518566400000000000,3,45,7,2,2018
2018-02-15,59352.74999999991,5056,5944.189354617424,11.739072389240489,1.175670362859459,Fog,85,0.01,43,6,637.5166666666667,1518652800000000000,4,46,7,2,2018
2018-02-16,55834.550000000134,4735,5457.094592337304,11.791879619852192,1.1525014978537071,None,61,0.0,29,10,640.15,1518739200000000000,5,47,7,2,2018
2018-02-17,21968.250000000004,1842,2054.468666507703,11.926302931596092,1.115346724488438,"Fog,Snow",75,0.11,26,9,642.7833333333333,1518825600000000000,6,48,7,2,2018
2018-02-18,29223.9666666667,2105,2404.2065033497443,13.883119556611259,1.1421408566982159,"Fog,Rain",78,0.02,27,11,645.45,1518912000000000000,0,49,7,2,2018
2018-02-19,31740.38333333331,2844,3205.1290567896713,11.160472339428027,1.1269792745392655,"Fog,Rain",88,0.52,49,12,648.1166666666667,1518998400000000000,1,50,8,2,2018
2018-02-20,30525.066666666655,2875,3163.809237870402,10.61741449275362,1.100455387085357,"Rain,Thunderstorm",89,2.1,50,13,650.8166666666667,1519084800000000000,2,51,8,2,2018
2018-02-21,53247.79999999991,4840,5421.0655846955415,11.001611570247915,1.1200548728709796,Rain,72,0.04,31,11,653.5,1519171200000000000,3,52,8,2,2018
2018-02-22,59547.48333333336,5357,6141.082086179118,11.115826644266074,1.146365892510569,None,72,0.0,35,13,656.2166666666667,1519257600000000000,4,53,8,2,2018
2018-02-23,59166.84999999994,5208,6099.050149490008,11.360762288786471,1.1710925786271138,Rain,82,0.06,39,9,658.9333333333333,1519344000000000000,5,54,8,2,2018
2018-02-24,41611.633333333346,2816,3223.521488582307,14.776858428030307,1.144716437706785,Rain,82,0.16,42,13,661.6666666666666,1519430400000000000,6,55,8,2,2018
2018-02-25,58093.11666666676,3394,4217.638467461524,17.116416224710303,1.2426748578260236,Rain,62,0.01,42,18,664.4166666666666,1519516800000000000,0,56,8,2,2018
2018-02-26,92815.7666666666,7324,9043.986398796547,12.672824503914065,1.2348424902780648,None,60,0.0,41,9,667.15,1519603200000000000,1,57,9,2,2018
2018-02-27,121738.43333333317,8849,11719.443177103461,13.75730967717631,1.3243805149851353,None,60,0.0,51,14,669.9166666666666,1519689600000000000,2,58,9,2,2018
2018-02-28,82937.96666666647,7070,8569.189975091065,11.730971239981113,1.2120495014273076,None,70,0.0,48,11,672.6833333333333,1519776000000000000,3,59,9,2,2018
2018-03-01,42101.049999999996,3750,4249.4751320274745,11.226946666666665,1.1331933685406599,Rain,67,0.81,40,15,675.45,1519862400000000000,4,60,9,3,2018
2018-03-02,75780.39999999988,6132,7332.1475338671835,12.358186562296131,1.1957187759078902,None,57,0.0,39,6,678.2333333333333,1519948800000000000,5,61,9,3,2018
2018-03-03,73881.53333333344,4226,5285.087666845715,17.48261555450389,1.250612320597661,None,53,0.0,38,8,681.0166666666667,1520035200000000000,6,62,9,3,2018
2018-03-04,76483.75000000013,4101,5195.688106635075,18.650024384296547,1.2669319938149415,None,53,0.0,39,12,683.8166666666667,1520121600000000000,0,63,9,3,2018
2018-03-05,51481.66666666667,4786,5380.296050662429,10.756720991781586,1.1241738509532864,"Rain,Snow",65,0.11,37,17,686.6166666666667,1520208000000000000,1,64,10,3,2018
2018-03-06,53813.43333333345,5047,5873.108691665315,10.66245954692559,1.1636831170329531,"Rain,Snow",83,0.07,36,9,689.4166666666666,1520294400000000000,2,65,10,3,2018
2018-03-07,57245.58333333342,5203,5781.17749975,11.002418476519974,1.1111238707956947,Snow,66,0.01,30,14,692.2166666666667,1520380800000000000,3,66,10,3,2018
2018-03-08,60773.54999999967,5296,6051.6687226428285,11.475368202416856,1.1426866923419239,None,58,0.0,29,11,695.0333333333333,1520467200000000000,4,67,10,3,2018
2018-03-09,63924.94999999993,5627,6404.233999163042,11.360396303536508,1.1381258217812409,None,54,0.0,32,7,697.85,1520553600000000000,5,68,10,3,2018
2018-03-10,64306.41666666664,3936,4846.376287287488,16.33801236449864,1.2312947884368617,None,57,0.0,32,6,700.6666666666666,1520640000000000000,6,69,10,3,2018
2018-03-11,51112.88333333342,3193,3882.4886430276997,16.007793089048988,1.2159375643682115,None,56,0.0,34,8,703.5,1520726400000000000,0,70,10,3,2018
2018-03-12,74208.18333333351,6292,7410.64741957525,11.794053295189686,1.1777888460863397,None,54,0.01,38,11,706.3166666666667,1520812800000000000,1,71,11,3,2018
2018-03-13,55549.21666666655,5203,5888.672224887165,10.676382215388536,1.1317840140086806,"Fog,Snow",66,0.22,27,11,709.15,1520899200000000000,2,72,11,3,2018
2018-03-14,84932.08333333321,6584,8047.21918327661,12.89976964358038,1.2222386365851474,None,50,0.0,35,11,711.9833333333333,1520985600000000000,3,73,11,3,2018
2018-03-15,85996.2666666667,6892,8163.651553598925,12.477693944670154,1.1845112526986252,None,56,0.0,39,9,714.8166666666667,1521072000000000000,4,74,11,3,2018
2018-03-16,70893.58333333346,5908,6827.619865927038,11.999590950124146,1.1556567139348406,None,64,0.0,34,11,717.65,1521158400000000000,5,75,11,3,2018
2018-03-17,60734.2833333333,3735,4577.879126337969,16.260852298081204,1.2256704488187333,Rain,53,0.01,38,10,720.4833333333333,1521244800000000000,6,76,11,3,2018
2018-03-18,154359.53333333312,6619,8986.35818132749,23.320672810595727,1.3576610033732424,None,47,0.0,42,5,723.3166666666667,1521331200000000000,0,77,11,3,2018
2018-03-19,77423.16666666679,6384,7543.985607010209,12.127689014202192,1.1817020061106216,None,58,0.0,40,15,726.15,1521417600000000000,1,78,12,3,2018
2018-03-20,58904.76666666665,5498,6107.307226265765,10.713853522493025,1.1108234314779493,None,64,0.0,33,17,728.9833333333333,1521504000000000000,2,79,12,3,2018
2018-03-21,64889.766666666386,5708,6553.788494576832,11.368214202289135,1.1481759801290876,None,58,0.0,33,10,731.8166666666667,1521590400000000000,3,80,12,3,2018
2018-03-22,77893.1499999999,6513,7760.611070475478,11.959642253953616,1.1915570505873605,None,48,0.0,36,7,734.6333333333333,1521676800000000000,4,81,12,3,2018
2018-03-23,76913.79999999997,6256,7440.654423869931,12.294405370843986,1.189362919416549,None,59,0.0,34,9,737.4666666666667,1521763200000000000,5,82,12,3,2018
2018-03-24,40164.21666666671,2932,3507.811877079437,13.698573215097786,1.1963887711730685,None,57,0.0,36,17,740.3,1521849600000000000,6,83,12,3,2018
2018-03-25,51383.53333333328,3211,3730.268903800081,16.002346101941228,1.1617156349424107,None,45,0.0,34,14,743.1166666666667,1521936000000000000,0,84,12,3,2018
2018-03-26,82321.4499999998,6219,7519.196338777629,13.237087956263032,1.2090683934358624,Rain,64,0.23,42,10,745.95,1522022400000000000,1,85,13,3,2018
2018-03-27,77802.79999999981,5909,7280.95329922889,13.166830258927028,1.2321802841815688,Rain,82,0.15,45,9,748.7666666666667,1522108800000000000,2,86,13,3,2018
2018-03-28,109245.91666666635,7513,9463.677632289055,14.54091796441719,1.2596403077717362,Rain,67,0.01,47,4,751.5833333333334,1522195200000000000,3,87,13,3,2018
2018-03-29,78279.5666666667,5902,6900.9085999406625,13.263227154636851,1.1692491697629046,Rain,77,0.05,43,9,754.4,1522281600000000000,4,88,13,3,2018
2018-03-30,102279.4166666667,6214,7426.255526573885,16.45951346422058,1.1950845713829876,None,61,0.0,41,8,757.2,1522368000000000000,5,89,13,3,2018
2018-03-31,79337.58333333355,3916,4654.288039595944,20.25985274089212,1.1885311643503431,Rain,63,0.09,45,16,760.0166666666667,1522454400000000000,6,90,13,3,2018
2018-04-01,38900.5666666667,2224,2755.23084056884,17.49126199040769,1.2388627880255576,None,48,0.0,30,8,762.8166666666667,1522540800000000000,0,91,13,4,2018
2018-04-02,79842.21666666672,6303,7450.561139097989,12.667335660267605,1.1820658637312373,None,55,0.0,33,7,765.6,1522627200000000000,1,92,14,4,2018
2018-04-03,45120.799999999974,4024,4581.412198306862,11.212922465208742,1.1385219180683055,"Rain,Snow",81,0.2,37,12,768.4,1522713600000000000,2,93,14,4,2018
2018-04-04,56087.46666666648,5033,5525.700136539953,11.14394330750377,1.0978939273872348,Snow,70,0.01,31,15,771.1833333333333,1522800000000000000,3,94,14,4,2018
2018-04-05,67941.19999999995,5429,6183.523302657221,12.51449622398231,1.1389801625819158,"Rain,Snow",65,0.07,33,7,773.9666666666667,1522886400000000000,4,95,14,4,2018
2018-04-06,65531.49999999999,5570,6351.387458017197,11.765080789946138,1.140285001439353,None,64,0.0,32,14,776.7333333333333,1522972800000000000,5,96,14,4,2018
2018-04-07,60676.216666666594,3657,4308.270570032441,16.591801112022587,1.1780887530851631,None,49,0.0,30,9,779.5,1523059200000000000,6,97,14,4,2018
2018-04-08,49855.05000000006,3118,3692.1140503837464,15.98943232841567,1.184128944959508,Snow,54,0.01,30,7,782.25,1523145600000000000,0,98,14,4,2018
2018-04-09,43160.94999999997,3951,4446.9956814047755,10.924057200708674,1.1255367454833651,Snow,84,0.13,35,6,785.0,1523232000000000000,1,99,15,4,2018
2018-04-10,84903.06666666652,6906,8353.254772298891,12.294101747272881,1.2095648381550668,None,66,0.01,37,8,787.75,1523318400000000000,2,100,15,4,2018
2018-04-11,119483.59999999947,8723,11263.634830269022,13.697535251633552,1.2912570022089902,Rain,54,0.05,53,10,790.4833333333333,1523404800000000000,3,101,15,4,2018
2018-04-12,154188.39999999997,9967,13213.712875055166,15.469890639109057,1.3257462501309487,Rain,66,0.03,58,14,793.2,1523491200000000000,4,102,15,4,2018
2018-04-13,77762.8833333332,6175,7437.823332414689,12.593179487179466,1.2045058028201925,Rain,84,0.07,43,13,795.9166666666666,1523577600000000000,5,103,15,4,2018
2018-04-14,15375.033333333338,1317,1298.8809677405898,11.674284991141487,0.9862421926655959,Rain,89,0.96,38,21,798.6166666666667,1523664000000000000,6,104,15,4,2018
2018-04-15,16761.30000000001,1212,1211.4994502784143,13.829455445544562,0.9995870051802098,"Rain,Snow",91,0.74,33,14,801.3166666666667,1523750400000000000,0,105,15,4,2018
2018-04-16,43506.21666666676,4046,4460.735189668235,10.752895864228067,1.1025049900316943,Snow,73,0.01,31,15,804.0,1523836800000000000,1,106,16,4,2018
2018-04-17,79109.7833333332,6630,7874.705998183677,11.932094017093997,1.1877384612645063,None,55,0.0,36,11,806.6666666666666,1523923200000000000,2,107,16,4,2018
2018-04-18,54669.983333333395,4768,5439.706043201637,11.466019994407171,1.1408779453023568,"Rain,Snow",82,0.41,34,12,809.3333333333334,1524009600000000000,3,108,16,4,2018
2018-04-19,95757.0666666669,7381,9001.025346996732,12.97345436481058,1.2194858890389828,Snow,64,0.01,43,10,811.9666666666667,1524096000000000000,4,109,16,4,2018
2018-04-20,146420.33333333288,9070,11831.177315066425,16.143366409408255,1.3044296929510943,None,38,0.0,46,5,814.6,1524182400000000000,5,110,16,4,2018
2018-04-21,104073.11666666662,5347,6970.29344052907,19.4638333021632,1.3035895718214083,None,38,0.0,47,4,817.2166666666667,1524268800000000000,6,111,16,4,2018
2018-04-22,163661.8166666669,6943,9817.65187887351,23.572204618560697,1.4140359900437145,None,39,0.0,52,11,819.8166666666667,1524355200000000000,0,112,16,4,2018
2018-04-23,125465.04999999999,8830,11293.202859447156,14.208952434881086,1.2789584212284435,None,44,0.01,53,12,822.4,1524441600000000000,1,113,17,4,2018
2018-04-24,145627.81666666616,10152,13430.985077778234,14.34474159443126,1.322989073855224,Rain,68,0.01,57,8,824.9666666666667,1524528000000000000,2,114,17,4,2018
2018-04-25,118265.78333333357,8692,10908.725656566112,13.606279720816104,1.2550305633417065,None,54,0.0,46,14,827.5166666666667,1524614400000000000,3,115,17,4,2018
2018-04-26,161232.94999999917,10470,14024.824556772732,15.399517669531917,1.339524790522706,None,50,0.0,51,4,830.05,1524700800000000000,4,116,17,4,2018
2018-04-27,120756.76666666682,8104,10375.733983613587,14.900884336952965,1.2803225547400774,Rain,60,0.02,49,14,832.55,1524787200000000000,5,117,17,4,2018
2018-04-28,121868.33333333312,5842,7761.314014219819,20.860721214196015,1.328537147247487,None,57,0.0,42,12,835.05,1524873600000000000,6,118,17,4,2018
2018-04-29,167892.58333333375,6765,9410.376813327091,24.817824587336844,1.391038701156998,None,47,0.0,45,6,837.5166666666667,1524960000000000000,0,119,17,4,2018
2018-04-30,263740.96666666714,13539,19258.5630016737,19.48009207967111,1.4224509196893198,None,29,0.0,60,13,839.9666666666667,1525046400000000000,1,120,18,4,2018
2018-05-01,294389.16666666674,15134,21956.036322688466,19.45217171049734,1.450775493768235,None,32,0.0,73,15,842.4,1525132800000000000,2,121,18,5,2018
2018-05-02,197436.6500000001,11894,16164.293835638018,16.599684714982352,1.3590292446307397,"Rain,Thunderstorm",62,1.32,75,12,844.8166666666667,1525219200000000000,3,122,18,5,2018
2018-05-03,116133.61666666651,8659,10766.26657687194,13.411897062786293,1.2433614247455758,"Rain,Thunderstorm",78,0.57,62,7,847.1833333333333,1525305600000000000,4,123,18,5,2018
2018-05-04,261163.71666666775,13542,18521.792376749072,19.285461280953164,1.3677294621731704,None,60,0.0,68,14,849.55,1525392000000000000,5,124,18,5,2018
2018-05-05,497801.6166666696,16055,24938.43629236299,31.006017855289294,1.553312755675054,None,46,0.0,70,9,851.8833333333333,1525478400000000000,6,125,18,5,2018
2018-05-06,271449.94999999984,10203,14065.58903320771,26.60491522101341,1.3785738540828885,None,52,0.01,59,10,854.1833333333333,1525564800000000000,0,126,18,5,2018
2018-05-07,260155.3666666667,14008,19977.88445871462,18.571913668379974,1.4261767888859667,None,51,0.0,61,6,856.4666666666667,1525651200000000000,1,127,19,5,2018
2018-05-08,316353.54999999865,16328,24139.456092217744,19.374911195492324,1.4784086288717384,None,40,0.0,69,7,858.7166666666667,1525737600000000000,2,128,19,5,2018
2018-05-09,175952.45000000004,10765,14173.555019110812,16.344862981885743,1.3166330719099686,"Rain,Thunderstorm",60,0.25,69,13,860.9333333333333,1525824000000000000,3,129,19,5,2018
2018-05-10,247698.86666666652,13311,19043.058778353592,18.608584378834536,1.4306257064347976,None,66,0.0,62,9,863.1166666666667,1525910400000000000,4,130,19,5,2018
2018-05-11,111634.25,7905,9749.921082325965,14.121979759645793,1.2333866011797552,Rain,71,0.04,49,15,865.2833333333333,1525996800000000000,5,131,19,5,2018
2018-05-12,77710.60000000014,4434,5388.72262885993,17.526071267478606,1.2153185901804082,"Rain,Thunderstorm",84,0.33,47,13,867.4166666666666,1526083200000000000,6,132,19,5,2018
2018-05-13,143966.48333333345,6209,8250.873925482056,23.18674236323618,1.3288571308555412,"Rain,Thunderstorm",80,0.91,56,6,869.5,1526169600000000000,0,133,19,5,2018
2018-05-14,133016.00000000044,8117,10389.218551712649,16.38733522237285,1.2799332945315571,"Rain,Thunderstorm",72,1.54,68,8,871.5666666666667,1526256000000000000,1,134,20,5,2018
2018-05-15,179763.7333333334,11850,15946.401006839782,15.169935302391004,1.3456878486784627,None,72,0.0,61,11,873.5833333333334,1526342400000000000,2,135,20,5,2018
2018-05-16,278723.1000000017,15186,21737.42296140361,18.35395100750703,1.431412021691269,None,52,0.0,63,5,875.5666666666667,1526428800000000000,3,136,20,5,2018
2018-05-17,203435.43333333274,12747,17540.51490389976,15.959475432127775,1.3760504357024994,None,65,0.0,61,9,877.5166666666667,1526515200000000000,4,137,20,5,2018
2018-05-18,167692.88333333272,10413,13612.25228424039,16.104185473286538,1.3072363664880813,Rain,73,0.1,59,11,879.4166666666666,1526601600000000000,5,138,20,5,2018
2018-05-19,230237.28333333382,9384,13546.421946167759,24.535089869281098,1.443565851040895,Rain,81,0.02,62,5,881.2833333333333,1526688000000000000,6,139,20,5,2018
2018-05-20,76868.89999999992,4278,5088.126284976262,17.968419822346874,1.1893703330940302,"Rain,Thunderstorm",82,0.27,50,14,883.1166666666667,1526774400000000000,0,140,20,5,2018
2018-05-21,71821.84999999977,5165,6547.214510565949,13.90548886737653,1.2676117155016358,"Fog,Rain,Thunderstorm",84,1.96,57,6,884.9,1526860800000000000,1,141,21,5,2018
2018-05-22,207649.29999999973,12725,17658.02754508525,16.318216110019623,1.3876642471579763,Fog,84,0.01,61,5,886.6333333333333,1526947200000000000,2,142,21,5,2018
2018-05-23,306365.9333333341,15935,22822.804679373166,19.225976362305246,1.432243782828564,None,64,0.0,66,4,888.3333333333334,1527033600000000000,3,143,21,5,2018
2018-05-24,347219.7166666675,17093,24395.83291303483,20.313562081943925,1.42724114626074,None,57,0.0,73,5,889.9666666666667,1527120000000000000,4,144,21,5,2018
2018-05-25,363597.7500000007,16887,24382.376027910457,21.531222241961313,1.4438548012027275,None,49,0.0,78,9,891.5833333333334,1527206400000000000,5,145,21,5,2018
2018-05-26,556242.5999999986,17517,26829.608033769073,31.75444425415303,1.5316325874161714,None,58,0.0,80,7,893.1333333333333,1527292800000000000,6,146,21,5,2018
2018-05-27,666232.4333333331,18146,27372.102327966048,36.715112605165494,1.508437249419489,None,53,0.0,84,5,894.6333333333333,1527379200000000000,0,147,21,5,2018
2018-05-28,558877.9500000029,16958,25284.277532269603,32.956595707041096,1.4909940754964974,None,53,0.0,83,7,896.0833333333334,1527465600000000000,1,148,22,5,2018
2018-05-29,300745.8500000019,16404,22918.807106352902,18.333689953669953,1.3971474705165143,None,62,0.0,77,7,897.4833333333333,1527552000000000000,2,149,22,5,2018
2018-05-30,210387.69999999952,13381,17654.358989626642,15.722868246020441,1.3193602114660072,"Rain,Thunderstorm",76,0.9,77,8,898.8333333333334,1527638400000000000,3,150,22,5,2018
2018-05-31,334687.1166666675,17615,24842.882549784987,19.00012016274014,1.4103254356959969,None,67,0.0,79,10,900.1333333333333,1527724800000000000,4,151,22,5,2018
2018-06-01,253079.3999999996,14832,20051.44473396802,17.063066343042042,1.3519043105426118,None,72,0.0,65,13,901.3666666666667,1527811200000000000,5,152,22,6,2018
2018-06-02,331931.4999999997,12989,19471.974273427804,25.554815613211158,1.4991126548177538,"Rain,Thunderstorm",75,0.31,61,9,902.5666666666667,1527897600000000000,6,153,22,6,2018
2018-06-03,465555.0666666686,16437,25145.657053624305,28.32360325282403,1.5298203476074894,Thunderstorm,63,0.0,69,14,903.7,1527984000000000000,0,154,22,6,2018
2018-06-04,368273.8333333316,18002,26424.979855402467,20.457384364700122,1.4678913373737623,None,55,0.0,68,10,904.7666666666667,1528070400000000000,1,155,23,6,2018
2018-06-05,244244.31666666552,15129,20608.843083076903,16.14411505497161,1.3622078843992929,Rain,54,0.01,63,13,905.7833333333333,1528156800000000000,2,156,23,6,2018
2018-06-06,298097.53333333175,16638,23933.475478459677,17.9166686701125,1.4384827189842335,Rain,63,0.1,64,6,906.7333333333333,1528243200000000000,3,157,23,6,2018
2018-06-07,324167.2333333336,17575,24855.955632988618,18.44479279279281,1.414279125632354,None,59,0.0,71,9,907.6333333333333,1528329600000000000,4,158,23,6,2018
2018-06-08,229921.51666666623,13575,18436.964297913328,16.937128299570254,1.3581557493858805,"Rain,Thunderstorm",65,0.01,66,8,908.4833333333333,1528416000000000000,5,159,23,6,2018
2018-06-09,324231.5333333329,12347,17462.249611602874,26.25994438595067,1.4142908894146655,"Rain,Thunderstorm",76,1.31,70,6,909.25,1528502400000000000,6,160,23,6,2018
2018-06-10,128013.16666666669,6171,7848.871797081216,20.744314805812134,1.271896256211508,"Rain,Thunderstorm",92,1.34,66,8,909.9666666666667,1528588800000000000,0,161,23,6,2018
2018-06-11,200633.2666666672,11816,15871.696967928656,16.97979575716547,1.3432377257894936,Rain,85,0.1,66,10,910.6333333333333,1528675200000000000,1,162,24,6,2018
2018-06-12,267852.3999999997,15451,22152.746175035783,17.335602873600394,1.433741905057005,Rain,80,0.01,71,4,911.2166666666667,1528761600000000000,2,163,24,6,2018
2018-06-13,329959.1666666655,17918,26049.192860198957,18.414955166127108,1.4538002489228126,None,64,0.0,73,9,911.75,1528848000000000000,3,164,24,6,2018
2018-06-14,308715.58333333273,17154,24767.75883501588,17.996711165520153,1.443847431212305,None,50,0.0,73,4,912.2166666666667,1528934400000000000,4,165,24,6,2018
2018-06-15,367896.06666666357,17737,25356.65768134091,20.741730093401564,1.4295911192051027,None,56,0.0,77,7,912.6166666666667,1529020800000000000,5,166,24,6,2018
2018-06-16,495340.53333333373,17553,27095.35973765246,28.219707932167363,1.5436312731528776,"Rain,Thunderstorm",72,0.65,81,10,912.95,1529107200000000000,6,167,24,6,2018
2018-06-17,354116.9833333329,12575,17696.332261664735,28.160396288933033,1.4072630029156847,None,60,0.01,86,11,913.2166666666667,1529193600000000000,0,168,24,6,2018
2018-06-18,241718.88333333307,13354,17837.624880367614,18.10085991712843,1.33575145127809,Rain,67,0.36,81,13,913.4333333333333,1529280000000000000,1,169,25,6,2018
2018-06-19,268684.2,15497,21682.587802099162,17.33782022326902,1.399147435122873,"Rain,Thunderstorm",80,0.02,72,9,913.5666666666667,1529366400000000000,2,170,25,6,2018
2018-06-20,298409.84999999934,17007,24276.65849759556,17.546295642970502,1.4274509612274686,None,76,0.01,71,8,913.65,1529452800000000000,3,171,25,6,2018
2018-06-21,91563.58333333352,6408,8266.770072432688,14.28894870994593,1.2900702360225793,Rain,86,1.41,65,13,913.65,1529539200000000000,4,172,25,6,2018
2018-06-22,122257.96666666682,7729,10090.723805995021,15.818083408806679,1.3055665423722371,Rain,87,1.23,62,14,913.6,1529625600000000000,5,173,25,6,2018
2018-06-23,520177.85000000097,17594,27072.118379830077,29.56563885415488,1.5387131055945253,None,66,0.01,72,5,913.4833333333333,1529712000000000000,6,174,25,6,2018
2018-06-24,523068.91666666564,18111,28443.009330421835,28.881283014006165,1.5704825426769276,None,69,0.0,72,9,913.3,1529798400000000000,0,175,25,6,2018
2018-06-25,333832.716666668,16917,24555.497894023072,19.733564855864987,1.4515279242196057,None,72,0.0,70,11,913.05,1529884800000000000,1,176,26,6,2018
2018-06-26,209428.5833333335,12798,17399.526250367282,16.364164973693818,1.3595504180627662,"Rain,Thunderstorm",74,0.76,75,9,912.7333333333333,1529971200000000000,2,177,26,6,2018
2018-06-27,312777.68333333277,17026,24024.23388453944,18.370591056815034,1.41103217928694,Rain,79,0.03,75,9,912.35,1530057600000000000,3,178,26,6,2018
2018-06-28,331486.0333333315,17571,25363.294272517847,18.86551894219632,1.4434747181445478,None,68,0.0,78,5,911.9166666666666,1530144000000000000,4,179,26,6,2018
2018-06-29,327303.6333333323,16109,21940.845141859954,20.31806029755617,1.3620240326438608,None,65,0.0,85,10,911.4166666666666,1530230400000000000,5,180,26,6,2018
2018-06-30,417830.3000000025,14814,21348.80714267379,28.205096530309334,1.4411237439363975,None,64,0.0,87,11,910.85,1530316800000000000,6,181,26,6,2018
